Total number of reads: 1000000,,,
Site, Site index, Number of reads covered by site, cumulative number of reads covered
GAGGCCTCTCCAGTCCGCCG,1,1,1
TCCGATAACGAACGAGACTC,2,1,2
TTTTTCAAAGTAAACGCTTC,3,1,3
AGGCACTCGCATTCCACGCC,4,1,4
TCCCCGATCCCCATCACGAA,5,1,5
GAATAACGCCGCCGCATCGC,6,1,6
CACAGTTATCCAAGTAGGAG,7,1,7
GCCGCCGCAGGTGCAGATCT,8,1,8
TAGAGGTGAAATTCTTGGAC,9,1,9
GGCGCGGGACATGTGGCGTA,10,1,10
TCAGGGCTAGTTGATTCGGC,11,1,11
GAAGTTTCCCTCAGGATAGC,12,1,12
GTGCGGAGTGCCCTTCGTCC,13,1,13
TTAATATACGCTATTGGAGC,14,1,14
ATTCCCAAGCAACCCGACTC,15,1,15
TTTCGATCGGCCGAGGGCAA,16,1,16
AGACATTTGGTGTATGTGCT,17,1,17
TCTAGAGTCACCAAAGCCGC,18,1,18
TGGATAGTAGGTAGGGACAG,19,1,19
TCAGGGTTCGATTCCGGAGA,20,1,20
GAGATTTACACCCTCTCCCC,21,1,21
ACCTCCACCAGAGTTTCCTC,22,1,22
TGTTATTGCTCAATCTCGGG,23,1,23
TGACCTTTTGGGTTTTAAGC,24,1,24
GTATTTCACCGGCGGCCCGC,25,1,25
CTCTTTCGAGGCCCTGTAAT,26,1,26
TGGTGTGCGTCGGAGGGCGG,27,1,27
CGGCTATCCGAGGCCAACCG,28,1,28
GTTTAGTGAGGCCCTCGGAT,29,1,29
CCTGGCACTGTCCCCGGAGC,30,1,30
TGAAGAAATTCAATGAAGCG,31,1,31
GAGTTCTCTTTTCTTTGTGA,32,1,32
GGATTGTTCACCCACTAATA,33,1,33
CAAGCCGGATCCGTAACTTC,34,1,34
AATCCTCCGGGCGGACTGCG,35,1,35
CGGCATCGGGCGCCTTAACC,36,1,36
GGTTCTATTTTGTTGGTTTT,37,1,37
TTTCTCGATTCCGTGGGTGG,38,1,38
GAGAGGCAAGGGGCGGGGAC,39,1,39
TGTTGAGCTTGACTCTAGTC,40,1,40
TCGGCGAGTGCTGCTGCCGG,41,1,41
ATGTTCAACTGCTGTTCACA,42,1,42
CGTCACGCACCGCACGTTCG,43,1,43
TCGTCGCGGCGTAGCGTCCG,44,1,44
GACTGTCCCCAGTGCGCCCC,45,1,45
AGAATAGGTTGAGATCGTTT,46,1,46
GAGGAGGACGGACGGACGGA,47,1,47
TTCTTTTCAACTTTCCCTTA,48,1,48
GAAACCTCCCGTGGAGCAGA,49,1,49
GGTACTATATCTATTGCGCC,50,1,50
CTGTTCACTCGCCGTTACTG,51,1,51
CATTAATCAAGAACGAAAGT,52,1,52
ACTAACATTAGTTCTTCTAT,53,1,53
TACGCCGGCTTCTATTGACT,54,1,54
GAGGGTGAACTCACTGGAAC,55,1,55
CTTTGCAACCATACTCCCCC,56,1,56
AGAGCGGTCGCGCCGTGGGA,57,1,57
CCTAGCAGCCGACTTAGAAC,58,1,58
TAACTAGAAATAACTTTGCA,59,1,59
AAAAATTTAACACCCATAGT,60,1,60
CTTATGAGCATGCCTGTGTT,61,1,61
CAAATTCCTCCCTGTACGAA,62,1,62
CTAACACGTGCGCGAGTCGG,63,1,63
GGCGACGGGTCTCGCTCCCT,64,1,64
TTAGGACCTGTGGGTTTGTT,65,1,65
AGGGCTGGGTCGGTCGGGCT,66,1,66
TGAAACTTAAGGGTCGAAGG,67,1,67
GCGACGTCGCTATGAACGCT,68,1,68
CGCGGTGGAAATGCGCCCGG,69,1,69
TTAATCACTGCTGTTTCCCG,70,1,70
CGTAAACCCTATTGTTGATA,71,1,71
CGGAGAGGGGCTGACCGGGT,72,1,72
GTAGTCTATTTTGTGTCAAC,73,1,73
TTACCGCACTGGACGCCTCG,74,1,74
TTAAACATGTGTCACTGGGC,75,1,75
GGCGACAAACCTACCGAGCC,76,1,76
CGGTACAGTGAAACTGCGAA,77,1,77
AGCTTATGACCCGCACTTAC,78,1,78
GACTACCATCGAAAGTTGAT,79,1,79
TTCAGTCATAATCCCACAGA,80,1,80
CTCCGCCGTCCCCCTCTTCG,81,1,81
GCCTCACACCGTCCACGGGC,82,1,82
GTATAGTAGTTCGCTTTGAC,83,1,83
CCGTCGCCGGCAGTCGAGAG,84,1,84
GAGAGCTCACCGGACGCCGC,85,1,85
GGGGCTGTAACACTCGGGGG,86,1,86
GCGCTCGTGCTCCACCTCCC,87,1,87
GTGGATCGCCCCAGCTGCGG,88,1,88
AGTCTTTCGCCCCTATACCC,89,1,89
TAGAATAAGTGGGAGGCCCC,90,1,90
CGTCTTCTCAGCGCTCCGCC,91,1,91
GGAGGGGTCGGGAGGAACGG,92,1,92
AAATTTACAAGGGGATTTAG,93,1,93
CGTACTGAGCAGGATTACCA,94,1,94
GGGAGGAGGGGAGGAGGCGT,95,1,95
GTTGGGGGACGCCGACCGCT,96,1,96
CTGTATGAATGGCTCCACGA,97,1,97
TGCACGCGCGCTACACTGAC,98,1,98
TCGTCACTACCTCCCCGGGT,99,1,99
AGACAGCAGGACGGTGGCCA,100,1,100
GAGACGGGGGAGGAGGAGGA,101,1,101
TAATTAGATGACGAGGCATT,102,1,102
AGAAGCCCGGCTCGCTGGCG,103,1,103
CCCCGAGGGGCTCTCGCTTC,104,1,104
AAAAGCTCGTAGTTGGATCT,105,1,105
TCAGTGTTTTAATCTGACGC,106,1,106
TTAAGCATATTAGTCAGCGG,107,1,107
CGAAACCCCGACCCAGAAGC,108,1,108
GAGAACTTTGAAGGCCGAAG,109,1,109
TCACCTTCATTGCGCCACGG,110,1,110
CTGCGGTATCCAGGCGGCTC,111,1,111
GTGAACAGCCTCTGGCATGT,112,1,112
TCGTCCTGGGAAACGGGGCG,113,1,113
CATCGCGTCAACACCCGCCG,114,1,114
ACTGCGTGGCGGGGGTGCGT,115,1,115
CTGTCAATCCTGTCCGTGTC,116,1,116
GATCCATTGGAGGGCAAGTC,117,1,117
CTTGGCAAATGCTTTCGCTC,118,1,118
CCCGCCCAGGCGGAACGATA,119,1,119
ACGGTAACGCAGGTGTCCTA,120,1,120
ATGGAGTTTACCACCCGCTT,121,1,121
GATGGTGCAGCCGCTATTAA,122,1,122
TGAAGCCTAGGGCGCGGGCC,123,1,123
AGCAAGACGAGAAGACCCTA,124,1,124
AGGGCTATCGTAGTTTTCTG,125,1,125
GAGAAGGGTCGGGGCGGCAG,126,1,126
CGAATACAGACCGTGAAAGC,127,1,127
ACGGCTACCACATCCAAGGA,128,1,128
GAGGAGTTCAGTTATATGTT,129,1,129
CGTGCGTACTTAGACATGCA,130,1,130
ACGGGCGCTGACCCCCTTCG,131,1,131
GGAGGATTCAACCCGGCGGC,132,1,132
ATGGTTTGGCTAAGGTTGTC,133,1,133
GGGGAGGAGGGGTGGGAGAG,134,1,134
GCACGGTGAAGAGACATGAG,135,1,135
CGGCGACTCTGGACGCGAGC,136,1,136
ATGGGTCGTCGCCGCCACGG,137,1,137
AGAGTGGACGGGAGCGGCGG,138,1,138
CGAGCGCCGTTCCGAAGGGA,139,1,139
AGTTGGTGGAGCGATTTGTC,140,1,140
GGAAGCTGCCCGGCGGGTCA,141,1,141
GGTAAGCAGAACTGGCGCTG,142,1,142
ATAGGAAGAGCCGACATCGA,143,1,143
TTTGTTGGTTTTCGGAACTG,144,1,144
CGTACGGAAGACCCGCTCCC,145,1,145
AGAACCTCCCCCGGGCCCGA,146,1,146
CGCGCGACGAGACGTGGGGT,147,1,147
TTACCCGCGCCTGCCGGCGT,148,1,148
GAAACGGGGCGCGGCCGGAA,149,1,149
CTTCCCAGCCGTCCCGGAGC,150,1,150