Total number of reads: 2952024,,,
Site, Site index, Number of reads covered by site, cumulative number of reads covered
AGTTGGTGGAGCGATTTGTC,263,133108,133108
CGTGGTCACCATGGTAGGCA,628,111242,244350
GGTAAGCAGAACTGGCGCTG,1072,102706,347056
GTTTATGGTCGGAACTACGA,1179,89093,436149
GGAGGGAACCAGCTACTAGA,993,84287,520436
CACAGTTATCCAAGTAGGAG,385,80601,601037
TCCCCGATCCCCATCACGAA,1281,79162,680199
CTCCAATGGATCCTCGTTAA,656,69626,749825
TTTTTCAAAGTAAACGCTTC,1524,67049,816874
GCAGTTGAACATGGGTCAGT,885,65721,882595
TGTTATTGCTCAATCTCGGG,1418,60801,943396
AGACATTTGGTGTATGTGCT,186,60105,1003501
TCTAGAGTCACCAAAGCCGC,1313,59945,1063446
TTCTTTTCAACTTTCCCTTA,1474,57681,1121127
TCAGGGCTAGTTGATTCGGC,1264,57162,1178289
GAGGCCTCGGGATCCCACCT,833,50502,1228791
TAGAGGTGAAATTCTTGGAC,1228,48135,1276926
GTTTCGCTGGATAGTAGGTA,1184,47176,1324102
TTACCGCACTGGACGCCTCG,1432,46343,1370445
TGACCTTTTGGGTTTTAAGC,1346,42310,1412755
CTGGCATGTTGGAACAATGT,713,39318,1452073
CTTTAAATGGGTAAGAAGCC,752,35356,1487429
GGCGAAGCCAGAGGAAACTC,1028,35119,1522548
CATCGCGTCAACACCCGCCG,428,35076,1557624
CAAAGTCTTTGGGTTCCGGG,363,32326,1589950
ATTCCCAAGCAACCCGACTC,342,30178,1620128
GGTTCTATTTTGTTGGTTTT,1100,29156,1649284
AAAAGCTCGTAGTTGGATCT,1,28306,1677590
AAGGGCCAGCGAGAGCTCAC,62,26986,1704576
ATCCAATCGGTAGTAGCGAC,281,25985,1730561
CCCCGAGGGGCTCTCGCTTC,477,25675,1756236
AGGTGTCCTAAGGCGAGCTC,250,24988,1781224
AGCTTGACTCTAGTCTGGCA,228,24513,1805737
CGAAACCCCGACCCAGAAGC,543,23714,1829451
TTTTTCGTCACTACCTCCCC,1526,20359,1849810
CGTGCGTACTTAGACATGCA,620,20164,1869974
GAGAACTTTGAAGGCCGAAG,812,16484,1886458
GGCCCAAGTCCTTCTGATCG,1012,16013,1902471
GAAAGATCCGCCGGGACCAC,772,15688,1918159
ATAGCTCTTTCTCGATTCCG,268,15598,1933757
GCGACGTCGCTATGAACGCT,920,14921,1948678
GTCTGATGAGCGTCGGCATC,1128,14635,1963313
GCAACAACACATCATCAGTA,867,14012,1977325
ATCAGGGTTCGATTCCGGAG,278,12449,1989774
ACGCTCGTGCTCCACCTCCC,127,11193,2000967
GCCAGAGTCTCGTTCGTTAT,898,10961,2011928
AAGTCAGAATCCCGCCCAGG,66,10637,2022565
AGCTTATGACCCGCACTTAC,225,10259,2032824
GGTCGAACTTGACTATCTAG,1078,10202,2043026
GAAGTTTCCCTCAGGATAGC,793,9461,2052487
TGAGAGTAGTGGTATTTCAC,1348,8714,2061201
GCGATGGCCTCCGTTGCCCT,922,8363,2069564
CATTAATCAAGAACGAAAGT,440,8268,2077832
CAGCCGACTTAGAACTGGTG,407,7347,2085179
GTGTAGCGCGCGTGCAGCCC,1158,7261,2092440
CTAACGCGTGCGCGAGTCAG,638,5866,2098306
GCTTTTGCCCTTCTGCTCCA,958,5442,2103748
CTGATCTCGGAAGCTAAGCA,698,5142,2108890
TAAGGATTGGCTCTAAGGGC,1194,4714,2113604
TTGTGAAGGGCAGGGCGCCC,1495,4642,2118246
TTATCAGATCAAAACCAACC,1438,4627,2122873
CGAATGGGTCGTCGCCGCCA,548,4346,2127219
TTAATATACGCTATTGGAGC,1429,4150,2131369
CCAGGTGGGGAGTTTGACTG,454,3796,2135165
CAACTTCTTAGAGGGACAAG,371,3396,2138561
AATGGATGGCGCTGGAGCGT,83,3052,2141613
TGCAAATCGGTCGTCCGACC,1355,3026,2144639
CGGACGGGGACCCGGCTATC,577,2929,2147568
TGTTGGTTGATATAGACAGC,1422,2679,2150247
ATGGAGTTTACCACCCGCTT,320,2610,2152857
CCGGTAAAGCGAATGATTAG,502,2609,2155466
CTCTTTCGAGGCCCTGTAAT,688,2499,2157965
GTGATTATGCTACCTTTGCA,1141,2393,2160358
GAAACCGTTAAGAGGTAAAC,769,2340,2162698
GAGAGGCAAGGGGCGGGGAC,817,2152,2164850
AGGCACTCGCATTCCACGCC,234,2115,2166965
CGGGCTTGGCGGAATCAGCG,597,1995,2168960
TTGAGACAAGCATATGCTAC,1479,1900,2170860
CTGCGGATATGGGTACGGCC,707,1759,2172619
CAAATTACCCACTCCCGACC,365,1679,2174298
AATAAGACGAGAAGACCCTA,71,1649,2175947
CTTTGCAACCATACTCCCCC,759,1595,2177542
CGGTTCCTCTCGTACTGAGC,606,1428,2178970
CTTGGCAAATGCTTTCGCTC,750,1411,2180381
GCACGGTGAAGAGACATGAG,880,1357,2181738
GCGTTATTCCCATGACCCGC,932,1323,2183061
GGGCGCCTTAACCCGGCGTT,1057,1309,2184370
CAAAGCAGGCCCGAGCCGCC,359,1293,2185663
TAAATCAGTTATGGTTCCTT,1190,1282,2186945
CATTGCGCCACGGCGGCTTT,444,1277,2188222
GTGGAGGGGTCGGGAGGAAC,1155,1014,2189236
GCAATTATTCCCCATGAACG,874,992,2190228
TTCAGTCATAATCCCACAGA,1445,973,2191201
ACGAATACAGACCGTGAAAG,122,912,2192113
GAACTGAGGCCATGATTAAG,780,825,2192938
GACTACCATCGAAAGTTGAT,809,802,2193740