Total number of reads: 1898188,,,,
Guide,Site,Number of reads covered by site,cumulative number of reads covered,cumulative percent of reads covered
1,CCAATAATTCGCTTTCACCG,88674,88674,4.671507775
2,ACGGCCTGACGAGAGACGTT,20009,108683,5.725618327
3,CGCGCCGAACGTCTCTCGTC,10280,118963,6.267187444
4,GGGGGGGGGGGGGGGGGGGG,9651,128614,6.775619696
5,CGTATCGCCCGCGTCGGCTG,9616,138230,7.282208085
6,GTCAGAGACCGCGCAGTCTT,5137,143367,7.552834598
7,GTTCACCGTGACCACGATCT,4732,148099,7.802124974
8,GCTGCTGCTGCTGCTGCTGC,4302,152401,8.028762167
9,TTTTAATTTTATTCTTGATA,3728,156129,8.225159995
10,TTGGGATTTTCGCTCTCATA,3452,159581,8.40701764
11,GGCGCTGTCTCTTTCGGTCA,3159,162740,8.573439512
12,AATAGGCGAGATCGTGGTCA,3140,165880,8.738860429
13,CAATTTCGGCGCCGTTTAAT,2723,168603,8.882313027
14,AGGTTAGGTTAGGTTAGGTT,2115,170718,8.993735078
15,CGTGGCGGCGGCAGTTGTGT,1944,172662,9.096148537
16,CGAGGCAATAGCCGAGATCG,1530,174192,9.176751723
17,CCAATAATTTGCTTTCACCG,1360,175552,9.248398999
18,GCGAATTATTGGAGAGAGCA,1248,176800,9.314145912
19,GGCCAATATTTAACGGTTTT,1074,177874,9.370726187
20,GAGCGCAGCTCTTGAGGAGG,1038,178912,9.425409917
21,GTCACGGTGAACGAATAAAA,993,179905,9.477722965
22,AAGAATAAAATTAAAAATAT,967,180872,9.528666286
23,ACGACATCGTGAGTGTGCCC,952,181824,9.578819379
24,CAATTTCGGCGCCGTCTAAT,949,182773,9.628814427
25,AGCGAATTATTGAACGACCA,912,183685,9.676860248
26,CGTATCGTGCGCGTCGGCTG,816,184501,9.719848614
27,CACGATCTCGCCTATTGCCG,764,185265,9.760097525
28,TGATGATGACGATGACGATG,740,186005,9.799082072
29,GACTCCAAATCTATAATAAA,739,186744,9.838013938
30,TCATCCAGATCGAAACGGGC,691,187435,9.874417076
31,TTTTTTTTTTTTTTTTTTTT,674,188109,9.909924623
32,CGGGCTGAAACTATGGCATC,659,188768,9.944641943
33,ACGCCGCTCAAGCCGGAAAC,649,189417,9.978832444
34,GGCGCTGTCTCTTTCGCTCA,628,190045,10.01191663
35,AGAGTGAAAGTGTTATGAGC,588,190633,10.04289354
36,AAAAAAAAAAAAAAAAAAAA,555,191188,10.07213195
37,AGCGTCGCGGGCGTCGAAGT,553,191741,10.101265
38,CGCTTCACCTGCTGCCTGGG,520,192261,10.12865954
39,CTAAGCGTGCTACTGACGCC,518,192779,10.15594873
40,CGCCGAACGTCTCCCGTCAG,513,193292,10.1829745
41,AATTTCCCCGCTAAATCTAG,505,193797,10.20957882
42,ATCGCGGCTCGAGCGCGCGC,497,194294,10.23576168
43,GCTCTCTCGCGACGTAGCGT,473,194767,10.26068019
44,CGTTAAAGACCCCAGGCTAG,467,195234,10.2852826
45,TATAATGCAATTAAATGCAA,455,195689,10.30925282
46,TTTTAGAGCGCAGCTCTTAG,454,196143,10.33317037
47,GCACCCGCGGCGACGGCATC,422,196565,10.3554021
48,GTTCACCGTGACCACGATGT,418,196983,10.3774231
49,TCCAAACACAGCTAGGTGAC,405,197388,10.39875924
50,AGCTAATGAACTTCTCTAAT,404,197792,10.42004269
51,CAACTCGCAGCCAGAACAAG,403,198195,10.44127347
52,TTGGGATTTTCGCTCTAATA,391,198586,10.46187206
53,GGGAGTCTCAAGACCGCGAA,390,198976,10.48241797
54,TGCATTTTCGTTCGTTTTTC,365,199341,10.50164683
55,CTGCTGGCTGCTGCTGCTGC,359,199700,10.52055961
56,GCTACACATTCAAACTGTCG,359,200059,10.53947238
57,GTCAGAGACCGCGCAGACTT,348,200407,10.55780565
58,AAGCTCGCGCTGCAGAACCC,347,200754,10.57608625
59,TGCCCGGGATTTCTCAACGG,329,201083,10.59341857
60,AACGCTTCTTCTCCGCCCAA,328,201411,10.6106982
61,CAGCGCCGAACGCGGATCGT,319,201730,10.6275037
62,GAGCAGCAGAACCTGAGGTT,308,202038,10.6437297
63,TCGTTGCAGCGATTGGACAC,307,202345,10.65990302
64,GACGGCCAAAATTTGAACGC,303,202648,10.67586561
65,TTTCGGGCGCTCTGGGTGGA,303,202951,10.69182821
66,GAGGGCCGTGAGGGCGGTGA,297,203248,10.70747471
67,CGCGCCAAACGTCTCTCGTC,291,203539,10.72280512
68,CCCTGGAGAAGGGGAACAAG,289,203828,10.73803016
69,GAGCGAAAAGACGCGGTTTT,289,204117,10.75325521
70,GTTCACCGTGTCCACGATCT,285,204402,10.76826953
71,TGAAGCGCTTGACTTTCGTG,283,204685,10.78317848
72,CGGGGTTCTAGTCTTTGGGC,278,204963,10.79782403
73,AGTGATACACGACCGCACGC,276,205239,10.81236421
74,ACTCATGTTTACAAACAAAC,275,205514,10.82685171
75,GAGACGGAGAGACGGAGAGA,273,205787,10.84123385
76,TTTTTTTTTTGGGGGGGGGG,265,206052,10.85519453
77,TTTAAATTTTATTCTTGATA,264,206316,10.86910253
78,GGGGGCGGGGGGGGGGGGGG,263,206579,10.88295785
79,TGTTGATTGGGGCGAAGCTC,261,206840,10.89670781
80,TCAAGAGCTGCGCTCTAATT,259,207099,10.9103524
81,TCAGAACGCCGAGCCCTGAT,259,207358,10.92399699
82,ACATGCCCCTACAGTACAAC,254,207612,10.93737817
83,TCTTTCGGTCACGGTGACCG,249,207861,10.95049595
84,TTCGGCGTCTCGCCGCAGCG,246,208107,10.96345567
85,AGCTCTTAGGCGCCCGTTTC,242,208349,10.97620468
86,CACTTTTGAATCATGACGAT,238,208587,10.98874295
87,TGTTTATACAGCCTAGAACT,238,208825,11.00128122
88,CTCTACCAACTGAGCTAACC,237,209062,11.01376681
89,GTTCACCGTGTCCACGATGT,237,209299,11.0262524
90,AAATTACCCATTGAGAAACG,236,209535,11.03868531
91,CACCAACTTTGGCGCTCCTC,234,209769,11.05101286
92,CTCGGTCGCAAGAGTGTGAA,234,210003,11.06334041
93,TTTGTTGCGGTGTAATTTCA,230,210233,11.07545723
94,CAGCGCCGAAAGCGGATCGT,226,210459,11.08736332
95,CTCACTCGTATCGCGCGCTT,224,210683,11.09916404
96,GAAAAAGTAAAGAAAGAAAA,224,210907,11.11096477
97,TTTTTTTTTTTTTTTTTTTG,224,211131,11.1227655
98,TGACATTTTGGTGGAGGTGC,220,211351,11.1343555
99,GGCCTCTGACAAGAGACGCT,212,211563,11.14552405
100,TTGGGATTTTCGCACTCATA,212,211775,11.15669259
101,GCCAAACAAGTGCCAAAGTT,209,211984,11.16770309
102,GTGGGGGGGGGGGGGGGGGG,209,212193,11.17871359
103,AACTACGAGGTGATGCCCGA,208,212401,11.18967141
104,AAACTGAAGGTCAGTTATGG,206,212607,11.20052387
105,CGCATTCAAATATCGTCACT,206,212813,11.21137632
106,CATATTTTAACCGGACGACG,205,213018,11.2221761
107,TTCACTGGACGCCATATTTG,205,213223,11.23297587
108,GCCATTGATGGTACAATTGA,204,213427,11.24372296
109,GCTGAGCCCTTTGGATCGGG,203,213630,11.25441737
110,TAGACGGATAGACGGACAGA,202,213832,11.2650591
111,TGAGCACCCGCGCCTTCACA,202,214034,11.27570083
112,GGCCCCTGACGAGAGACGTT,201,214235,11.28628987
113,TCAGCGGTATGCCAATATAG,201,214436,11.29687892
114,TTGGACCCTTCGGGGCCCCC,201,214637,11.30746796
115,GATTAGCAAAGAGCACCTGG,200,214837,11.31800433
116,GCGTTACAGGGAGTTGTAAA,200,215037,11.32854069
117,GTATTTGTCCTCACCGTCTC,200,215237,11.33907706
118,TGAGGGCCATGAGTGCGTGA,200,215437,11.34961342
119,GTTATTATAATGTACGCTAG,199,215636,11.3600971
120,AAAGCAGCCGCTTCGGTGGC,198,215834,11.3705281
121,CGATGCCTAGTTTATTTTTG,197,216031,11.38090642
122,AAAACGAACGCGTGTTTCAT,196,216227,11.39123206
123,GCTGTATTTTTCGTTATAAA,196,216423,11.4015577
124,CGGAAACGAAAATTCAGCCT,195,216618,11.41183065
125,TCAGCGCACAGCTTTTGCAG,194,216812,11.42205092
126,TCCAGCGTTCTTGTTCGTCG,194,217006,11.4322712
127,GGTCGGTGCATCGGCGAAGC,192,217198,11.44238611
128,TTGTAGCAGCTGCTTCATTG,190,217388,11.45239565
129,CGGAGCCAGGATTTGAACTC,187,217575,11.46224715
130,CTGGCTGCTGCTGCTGCTGC,187,217762,11.47209865
131,ACTTTCTAGAAAACAAAAGC,186,217948,11.48189747
132,CCGCTCATTCACACTGGAAG,186,218134,11.49169629
133,TGAAAATTTCAATGGGAAAA,186,218320,11.50149511
134,ACAAGTGGGTCTCGTGGGCT,185,218505,11.51124125
135,CGTTACTAAAACACTCAGTT,184,218689,11.5209347
136,CGGGGGGGGGGGGGGGGGGG,183,218872,11.53057548
137,CTGAGTTCCAGACATTGTTA,183,219055,11.54021625
138,CATGATTTTAAGCCACAATA,182,219237,11.54980434
139,AATGGTTTGTTTATGGGCGA,181,219418,11.55933975
140,ACGCCGCGAAGCGGCGTTTT,181,219599,11.56887516
141,CCGCCATCTATGAGCGACGG,181,219780,11.57841057
142,GCAGACTACTCAGTCTTGAG,181,219961,11.58794598
143,CGGAACTTCGCTGTTTCTAG,180,220141,11.59742871
144,CACCTGTGAAAGCAGGTGTT,179,220320,11.60685875
145,AGACGTTTTCGTTTCACAGC,178,220498,11.61623612
146,GGGATACTACAACGAAATTT,178,220676,11.62561348
147,AAGCGCGAGCTCCTTGCTCT,177,220853,11.63493816
148,CAGGGTGTAAGATAGACAGG,177,221030,11.64426284
149,GGGCATCTGGCACGCCCCAG,177,221207,11.65358753
150,TGTGAGGGTGAGGGTGAGTG,177,221384,11.66291221
151,CTCACCGGAGAAAAGCTCAC,176,221560,11.67218421
152,CAAGAGAAGGTCAGCAATGG,173,221733,11.68129816
153,GTCAGTGACCGCGCAGTATT,173,221906,11.69041212
154,AGTTTCCCCGCTAAATTTAG,172,222078,11.69947339
155,TGTGTGTGTGTGGGGGGGGG,172,222250,11.70853467
156,TTTTCGTTTAGAATGTAGCT,172,222422,11.71759594
157,GACGGCGACGCCGCTCAAGC,171,222593,11.72660453
158,GCCACAAACGACAGCAAACA,171,222764,11.73561312
159,TCGTACCGCGTTCCACGCGG,171,222935,11.74462171
160,TTTTTTTTTTTTTTTTTTTA,171,223106,11.7536303
161,CGAAAAAATCCGCCTGGTCC,169,223275,11.76253353
162,TCCTCTCCAAGCTCAATTTT,169,223444,11.77143676
163,AGGTGGGGTCTTCAGAGAGA,168,223612,11.78028731
164,GCGAGCAGACGACGTTGCAA,168,223780,11.78913785
165,GGGGGGGGGGTGGGGGGGGG,168,223948,11.7979884
166,TCCATTCCGATCTGCTGGAA,168,224116,11.80683894
167,GTGACGAAATCGACGTTCAC,167,224283,11.81563681
168,CCACCAGTCTAACACCAACA,166,224449,11.82438199
169,GAGAATGCTTGTTTTGAGAA,166,224615,11.83312717
170,TGAGTGTTCGGCTTCACAGC,166,224781,11.84187235
171,CGGTGTGAAAGCCGACACGC,165,224946,11.85056485
172,CGTCGCAACACCAGCAACAC,165,225111,11.85925735
173,GAAGCGCTCCCTCGGGTAAA,165,225276,11.86794986
174,TTTTACAGCGGAGCTGTTAA,165,225441,11.87664236
175,AATTTTTCCGCTAGATTTAG,164,225605,11.88528217
176,CGATGCCCATACCGACGACT,164,225769,11.89392199
177,TCAGCACGCCAGCCGGTCGT,164,225933,11.90256181
178,GAACTTGTGCCAAAAATAAA,163,226096,11.91114895
179,GCACAAAGTCGTAGCGCGAT,163,226259,11.91973609
180,AAAAGTGCCTCGTCAGAGAC,162,226421,11.92827054
181,TTTCAGCTTCGGTCCGAGCG,162,226583,11.936805
182,CGCTTTATTTTAAAAGTTAT,161,226744,11.94528677
183,TAGCGCACACGTTTTTTGAG,161,226905,11.95376854
184,ACTGCTCGCGTCGAGATCCA,160,227065,11.96219763
185,GGGGGGGGGGGGGGCGGGGG,160,227225,11.97062672
186,TCAGCCCGTTGGTCTGCGGG,160,227385,11.97905582
187,ATGCCCGAGTGCTTTTGAAG,158,227543,11.98737954
188,ACTTCAACCGCAGCAGCCAA,157,227700,11.99565059
189,GACAGCTTCGGAGCTGTCGT,157,227857,12.00392163
190,TGCCGACAGCACGCGCTCAC,157,228014,12.01219268
191,AACCGAACCGAACCGAAAAC,156,228170,12.02041104
192,AAGAATGCCTTGCGGTCGTC,156,228326,12.02862941
193,GATCTGGATGAGCATCGTAC,156,228482,12.03684777
194,GTATTTGGAAATACAAATAC,156,228638,12.04506614
195,TATATATATATATATATATA,156,228794,12.0532845
196,ACACACTGGCGCCATCTATT,155,228949,12.06145018
197,CCTTCATGTGCGCTTTGCTT,155,229104,12.06961587
198,GAGCCAATCACCGCAACTTA,155,229259,12.07778155
199,TTAATTTTGCATCGCACACT,155,229414,12.08594723
200,AATTTCCCCGCTAAATTTAG,153,229567,12.09400755
201,GAGAGAGCACGGCCCCTGAC,151,229718,12.1019625
202,GGGAAGAGAGACAGCGGTTA,151,229869,12.10991746
203,TGGACCTGAAGAGCGGCTAC,151,230020,12.11787241
204,CGCCTAATCAGATCTCTCTG,150,230170,12.12577469
205,CGGAGAGACAGACGGACGGA,150,230320,12.13367696
206,GACGCTTAAATATGATTGCA,149,230469,12.14152655
207,GCACACCAGCTCGGAGCACG,149,230618,12.14937614
208,TAGCGAAAACCACGACCGCG,149,230767,12.15722573
209,TGTAATTAAATACAATTTTG,149,230916,12.16507532
210,ATATCGCTGCTAGAGACGGC,148,231064,12.17287223
211,GAAGCGCGAGCTCATAGCGT,148,231212,12.18066914
212,GCGACGGCGCGAGTCTTCTC,148,231360,12.18846605
213,TCTTTCGCTCACGGTGACCG,148,231508,12.19626296
214,AAACACGGCCGGCAAGTGTT,147,231655,12.20400719
215,ACTACCCAGAACAGAATTTG,147,231802,12.21175142
216,GGCTTTCTGGCGCTTTCAAC,147,231949,12.21949565
217,GTACAACTATCAAATTGTTG,147,232096,12.22723987
218,TGTATTTTCGTTCGTTTTTC,147,232243,12.2349841
219,TTGACGTCGCGTCTCTCCGA,147,232390,12.24272833
220,TCACACGAGGGAGAAATCCC,146,232536,12.25041987
221,TCCAGCCCGGAGACAGGGTG,146,232682,12.25811142
222,CCGCGAAGCGGCGTGAACGC,145,232827,12.26575028
223,GACTGACTCGACAAGGTCGC,145,232972,12.27338915
224,GGTCGCAGATTTGGAGCGCG,145,233117,12.28102801
225,TTGAAAAAGGACCCTACTTT,145,233262,12.28866688
226,AGCGAGCGGCGCTCACTCAC,144,233406,12.29625306
227,GGGAAGAGAGACAGCTGTTA,144,233550,12.30383924
228,TGCACGTTGCAAAAGAACTG,144,233694,12.31142542
229,ATGACACGCTGGAAAGTTGC,143,233837,12.31895892
230,ATGAGCTGCGCTTAGAGTAT,143,233980,12.32649242
231,AGTACCGCCAACCATTGTTG,142,234122,12.33397324
232,CTACCGTTCCAGGTTGACTG,142,234264,12.34145406
233,CTTGGTCTTTCTAGACTCTA,142,234406,12.34893488
234,GATTTTCTGAAAATTTAAAA,142,234548,12.3564157
235,GGCGCCAAACGTCTCTCGTC,142,234690,12.36389652
236,TGAGGGCGGTGAGTGGCGTG,142,234832,12.37137733
237,CGTATCGCGCGCGTCGGCTG,141,234973,12.37880547
238,CTCGGTTGCAAGAGTGTGAA,141,235114,12.38623361
239,CTGAAGCGTAGCTTATTTAG,141,235255,12.39366174
240,GACACTCGGCAAAGAAAGGT,141,235396,12.40108988
241,TGTCAATTATTGCGATTTTC,141,235537,12.40851802
242,TTGGGTTTTAGAGACAGCGA,141,235678,12.41594615
243,TTTGTTTACTTCGACTACAG,141,235819,12.42337429
244,ATGCAAAGGTGCAAGCGAGC,139,235958,12.43069706
245,CTTGGTGGCGGGTATGTCGA,139,236097,12.43801984
246,CGTAGCGTCGGCTGCACTGT,138,236235,12.44528993
247,GCCGACCACAGCGACGCTTT,138,236373,12.45256002
248,TTAGCGGCGAGATGTTTTGG,138,236511,12.45983011
249,TTTAGGGGCGAAGCTCCTTA,138,236649,12.4671002
250,TCATTCACCACGTGGAGATG,137,236786,12.47431761
251,ATACGAGGGAGCCAATTAAA,136,236922,12.48148234
252,TTGCCATTTGTCGTTCGAGC,136,237058,12.48864707
253,CAAATACAACCAAATGTATT,135,237193,12.49575911
254,CGCGGCCAGGAATCGAACCC,135,237328,12.50287116
255,TGGCGGCAAGGGCTAACCTT,135,237463,12.50998321
256,CAGCTGGAAGTGATGCTTCA,134,237597,12.51704257
257,TTTTTTTGTCGATTACATTT,134,237731,12.52410193
258,AACTTTTCTTGGCAATGCAG,133,237864,12.53110862
259,ACGGCGCGGTGGTGGCGCGT,133,237997,12.5381153
260,AGAAGAAAAATATGTAAGCG,133,238130,12.54512198
261,CAACCTATTTTTGAACACGA,133,238263,12.55212866
262,CTGTCGTGAACCTTGGCTTG,132,238395,12.55908266
263,GTTGCGCTACAGCGACAGCA,132,238527,12.56603666
264,ATCGGATCGGGCTGAAACTT,131,238658,12.57293798
265,CGCGTGCGCAGAACGCTTCT,131,238789,12.5798393
266,GGTCTCTGACAAGACAATTT,131,238920,12.58674062
267,AAGCATTTATGACAATTCTA,130,239050,12.59358925
268,AGCGACGGGCTAATCTTCTA,130,239180,12.60043789
269,CAGCCGCCATGTTTGTTTGG,130,239310,12.60728653
270,CATCAGTGACGATGACGATG,130,239440,12.61413516
271,GGATAGTCATGTTGGAACGC,130,239570,12.6209838
272,ATATGCCCGCGCGACCCTTG,129,239699,12.62777976
273,CGCGACAGAACAAATGCAAC,129,239828,12.63457571
274,GCTCTCAGCATTATCAAATT,129,239957,12.64137167
275,TCCGGCCACGACGAGAGAAG,129,240086,12.64816762
276,TTTTGGTATTTCAAAAAGAA,129,240215,12.65496358
277,AAAGCCTGGCAGTTCGACGA,128,240343,12.66170685
278,ACGAAAACACTCGACCGCGG,128,240471,12.66845012
279,AGTCAAGGCTATCGGCGCGC,128,240599,12.67519339
280,TGGCAGTCAATGTTTTCTAG,128,240727,12.68193667
281,TGGGCAAAGGCGCCGCGCTC,128,240855,12.68867994
282,TTGACGTGCAACCGAAAGCT,128,240983,12.69542321
283,ACCACTGATACGCGAACACA,127,241110,12.70211381
284,AGCCGTATATGTAGAGAGTT,127,241237,12.7088044
285,ATGGTGTCAAATGAATGCTT,127,241364,12.71549499
286,CTTGAGTGGCCGTGAACTAG,127,241491,12.72218558
287,TCGGTCTCGGTGGACGCCAG,127,241618,12.72887617
288,TTTTTCTTGCTGCTTGAAGT,127,241745,12.73556676
289,AGTCGGCGTCGCTGTGCTTG,126,241871,12.74220467
290,AGTTCGTCTGCTTCTTTTGC,126,241997,12.74884258
291,CACGGCACTTCGGCGTGCCA,126,242123,12.75548049
292,CAGCTCTTCACGCAACATCT,126,242249,12.7621184
293,TGTCGACGTTTTCGACGTTA,126,242375,12.76875631
294,TTTATTCATTGCATTAAGTA,126,242501,12.77539422
295,AAAACCGGTCTGGTCTCTCT,125,242626,12.78197945
296,AAGATTAAAATTAAAAATAT,125,242751,12.78856467
297,ACGCGTCATCGTCATCAAAC,125,242876,12.7951499
298,ACTGACGCCTGGTGCACCCG,125,243001,12.80173513
299,CCTTGTACCTGCTCCACGAG,125,243126,12.80832036
300,ATGAACAGCAGACACACAGA,124,243250,12.8148529
301,GCGGGCTGCGGAGAGCGTTG,124,243374,12.82138545
302,TTGTAGGCGAACGTGACGTA,124,243498,12.82791799
303,AAAAAAAGTGGCTTGAAGAA,123,243621,12.83439786
304,AAGTTTTGGGGTGTATTATA,123,243744,12.84087772
305,AGCGCCGTGCCGGAGGACGA,123,243867,12.84735759
306,CACAGGGCGCGCGTCGTCCT,123,243990,12.85383745
307,GCAAATTATTGGAGAGAGCA,123,244113,12.86031731
308,GTGGTAGTAACTCAAGAGCT,123,244236,12.86679718
309,TAGCGGCAAATGCCCCTCAA,123,244359,12.87327704
310,TTTGGTCCTGGGCTTACTAC,123,244482,12.87975691
311,AAGGGGCACTGACACCCCAA,122,244604,12.88618409
312,GTATTCGTGAAAAGTATTAC,122,244726,12.89261127
313,TATTGGCTTTCAAATAATTA,122,244848,12.89903845
314,TCGAGAACGGGAAGCCGCGT,122,244970,12.90546563
315,TTTGGTCTAAACATATGTTT,122,245092,12.91189282
316,ACTGCGGCTAACTTTAGCCG,121,245213,12.91826732
317,GCACCCGCAGCGACGGCATC,121,245334,12.92464182
318,TGGAGCGCAGTCCTTTTTAT,121,245455,12.93101632
319,TTGTTATTTTAGAAACGGCA,121,245576,12.93739082
320,GGCCGCTGCGGGAGAAATGG,120,245696,12.94371264
321,GGCGACGTCTTCGTGCAAAT,120,245816,12.95003445
322,GGGGTCACGTGACCTCGGGG,120,245936,12.95635627
323,TATCGCGTTCATTTAGGCTT,120,246056,12.96267809
324,TCAAGAGCTGCGCTCCAATT,119,246175,12.96894723
325,ATTTGTATTTAATTACAAAT,118,246293,12.97516368
326,CACGCACAGCCAGACGTGGG,118,246411,12.98138014
327,CGGCGTGATCAAAGCTTCCT,118,246529,12.98759659
328,GACGTACACTCTCAAAACCA,118,246647,12.99381305
329,GTCACAAAAGAAAATTTACA,118,246765,13.0000295
330,TAGAACTTTTAAAAGAAAAC,118,246883,13.00624596
331,TCCAACCTGTCGATCCTGCC,118,247001,13.01246241
332,TTGAGTTGATTGAGCTTCAG,118,247119,13.01867887
333,TTTCAGATAAGATCGACCAA,118,247237,13.02489532
334,AAATGTAGCAGGATGTAGCA,117,247354,13.03105909
335,AAGGTCCCGGATGTACGCGG,117,247471,13.03722287
336,ACGTCATCAGGCGGAAATCG,117,247588,13.04338664
337,GAGCAGCCAAAACAGTGTTT,117,247705,13.04955041
338,TTTTTATTTTATTCTTGATA,117,247822,13.05571419
339,ACAACTCATAAGAAGTGCTT,116,247938,13.06182528
340,AGGGGGGGGGGGGGGGGGGG,116,248054,13.06793637
341,CATGTCAGAAAGAGAATGTG,116,248170,13.07404746
342,GCACCAGAAAAAGCACAAGG,116,248286,13.08015855
343,GCTTTCTGATGGTTTCCTGG,116,248402,13.08626964
344,GGTATCGTTATCGGAGTCAT,116,248518,13.09238073
345,GTCGTTTTAGCGAATAACGG,116,248634,13.09849182
346,GTGTCAAATTAATAATAGTT,116,248750,13.10460292
347,TCAGAACGCCGAGCTCTGAT,116,248866,13.11071401
348,TCATAGATTTGACGAAATAG,116,248982,13.1168251
349,TGGTCTAGTTTTAGAATCCA,116,249098,13.12293619
350,TTCGTGCGGAATGCCCACCC,116,249214,13.12904728
351,TTTATTCATTGCATTAAATA,116,249330,13.13515837
352,ATTTCGGCGGCCGCTTCTCG,115,249445,13.14121678
353,CGTCTTTGCTAGCGGCGCAC,115,249560,13.14727519
354,CGTTTGCAAAGCGACGTAGA,115,249675,13.1533336
355,GTTCGAGCGTAGCGCGCTCG,115,249790,13.15939201
356,TCTGTTGCAAAATATTAATT,115,249905,13.16545042
357,TTTTAGAAGCCACAAAAAAT,115,250020,13.17150883
358,ACAGGTGCACTCAGGAAACA,114,250134,13.17751456
359,CAACACTGCCTCGGAAAACA,114,250248,13.18352028
360,CCAATAATTCACTTTCACCG,114,250362,13.18952601
361,CTCATGAGTGAGGTTTGCCG,114,250476,13.19553174
362,TCAGCAATTCGTGTCGATCT,114,250590,13.20153747
363,TGAATTCTCTAGGAATTAAA,114,250704,13.20754319
364,TGTTGATACCGTCCAAGCTA,114,250818,13.21354892
365,TTCGGCAACTCCACCTCCAG,114,250932,13.21955465
366,GAAAAATGAAATGCGAACAG,113,251045,13.22550769
367,GAAGCTTTATCTGAAATCAC,113,251158,13.23146074
368,GACGCCGACGCCGCTCAAGC,113,251271,13.23741379
369,GCTCGTTCGTTGGCGGCAGT,113,251384,13.24336683
370,TATGGCGCCGTCATCGACCT,113,251497,13.24931988
371,AAGAAAGAAAGAAAGAAAGA,112,251609,13.25522024
372,AGAAAGAGGCGAGGCGTCAA,112,251721,13.26112061
373,ATGAGCACACAGCAGCATTT,112,251833,13.26702097
374,GTTGCGCTTTTTGCACTCCC,112,251945,13.27292133
375,TAACCCTAATCACTTTTCTC,112,252057,13.2788217
376,TAGTCGGTTACAAGTCAAGA,112,252169,13.28472206
377,TGGCAGCGGACGACGGGCGT,112,252281,13.29062243
378,TTTTCAGTCGCGACGTCGCT,112,252393,13.29652279
379,AATTTTTCCGCTAAATTTAG,111,252504,13.30237047
380,CTGCATTCTCCTTGATGCTT,111,252615,13.30821815
381,CTTCCGGTAATGCATTTCTA,111,252726,13.31406584
382,AAGATGGCAGCGCCCAGAGC,110,252836,13.31986084
383,ACGTCTGCTAGTCAAAGCGA,110,252946,13.32565584
384,CAGATCGAAACGGGCAGGGG,110,253056,13.33145084
385,CGACACAACTGCCGACGCCA,110,253166,13.33724584
386,GCACTCCCGCCGAAAAGCAG,110,253276,13.34304084
387,TAGCAAAATTTCAAGCAAAT,110,253386,13.34883584
388,TGCCGCCATGATCTTCCCAA,110,253496,13.35463084
389,AAGAATAAATTTAAAAATAT,109,253605,13.36037316
390,TGAACTGCGAAGCGACGTCT,109,253714,13.36611547
391,TGGCCACCCGAGCTTCGCCT,109,253823,13.37185779
392,TTGGCAGTTCCGCCCGGCTC,109,253932,13.37760011
393,AGCCGGAAATAATACCCTGG,108,254040,13.38328975
394,CGAAAATAATCCCTGGAGAA,108,254148,13.38897938
395,TGGGGGGGGGGGGGGGGGGG,108,254256,13.39466902
396,TTAATAAACCGAGACGAAAA,108,254364,13.40035866
397,TTAATCTTCTATAATCTTCT,108,254472,13.40604829
398,TTCGCTTTCACCGAGGCAAT,108,254580,13.41173793
399,AACTATATTTTCTGACTCCC,107,254687,13.41737489
400,AATTCGGCATGACACTTCAT,107,254794,13.42301184
401,CTGGAACATTCTAAATGCGC,107,254901,13.4286488
402,GCGTGACGCTCTCGCGCACT,107,255008,13.43428575
403,ATTATTCACGCGAAGTTTTG,106,255114,13.43987002
404,GTCAGAGACCGTGATTTCTT,106,255220,13.4454543
405,TTACGATCGCGGTGCTGGTG,106,255326,13.45103857
406,TTCGTTCACCGTGACCACGA,106,255432,13.45662284
407,ACGTTCAGTGCGCTCAGGTT,105,255537,13.46215443
408,CAAAAAGTGAAGCCTAACTT,105,255642,13.46768602
409,CGCTTTGCAGCAGCTGTGCA,105,255747,13.47321762
410,GGGAACACCTCTATCAACCA,105,255852,13.47874921
411,TAGTTCGTGCAGCCACCGCC,105,255957,13.4842808
412,TGGACGAAAATGAGGTTGTT,105,256062,13.48981239
413,TTCACTTTACACGAGCTTAC,105,256167,13.49534398
414,AAAAAAAAAAAAAAAAAACA,104,256271,13.50082289
415,CGCAAAAAGAAGCGTTGGTT,104,256375,13.5063018
416,GCGGATGTATCACAGTGAAA,104,256479,13.51178071
417,GTATTACGCACATTTGACCT,104,256583,13.51725962
418,GTGCGAGGATAGTGAAGACG,104,256687,13.52273853
419,GTTAGAAACTCGTTGTCAGA,104,256791,13.52821744
420,TTTTCAGCTATTTATACATG,104,256895,13.53369635
421,ACGCGCAGCTGTTGGAGAGA,103,256998,13.53912257
422,AGACGACAGTTCGAACGATC,103,257101,13.5445488
423,AGGTGAGTAGAACTGAAGTA,103,257204,13.54997503
424,CACGCGCGCTTTTGCTTGAG,103,257307,13.55540126
425,CGTCCTTCTGGCGTTGCGTT,103,257410,13.56082748
426,TGGACATTTCGACCAGGATG,103,257513,13.56625371
427,AGGAGGAGGGAAGGGTACTG,102,257615,13.57162726
428,CAACTAGCAGACGCGCATCA,102,257717,13.5770008
429,GAGAAAGCAACGCTCGGTCA,102,257819,13.58237435
430,GCGTTAAACTTTGCATGCAT,102,257921,13.58774789
431,GGGTCAATGTCGAGCTGCGC,102,258023,13.59312144
432,TTGTTCAAGATGGCTGCCGT,102,258125,13.59849499
433,AGAATCTGGTCATTTAAGAA,101,258226,13.60381585
434,GATCTCGGCGAATAGCGGCG,101,258327,13.60913671
435,GGAGCAGACGCCTTCACTTT,101,258428,13.61445758
436,GTCAGGTGATGAAAGGGAGG,101,258529,13.61977844
437,TACAGCCCAAAGATGGAGAA,101,258630,13.62509931
438,TGCTTACACGCCGAGGTGGC,101,258731,13.63042017
439,TGGTTCCCGGTTTTCCCGCT,101,258832,13.63574103
440,TTCCTTTCCTTTCGCTATCG,101,258933,13.6410619
441,ACCGGATCAGCTGACGACGA,100,259033,13.64633008
442,AGAGGAATAGGCGTCGCAAG,100,259133,13.65159826
443,ATAATCGGCTCCAGATCACG,100,259233,13.65686644
444,CAAACGCAACTGTCTGAACC,100,259333,13.66213463
445,GACCTACGTCACGATTGCGT,100,259433,13.66740281
446,GAGAATTATTGGAGAGAGCA,100,259533,13.67267099
447,GTTTTCCAGTCGCTAGCTTT,100,259633,13.67793917
448,TCGCAAGCCAGCAGAGCGAG,100,259733,13.68320735
449,TTCGGGCAAGCCAGCGGGCA,100,259833,13.68847554
450,AAAATAACCACTGGGCTTGT,99,259932,13.69369104
451,AACCGGTTCGCGAACCGGTT,99,260031,13.69890654
452,CTGATCTCAATGACAATTGC,99,260130,13.70412204
453,GCGCGAGTCACGTGGTACTC,99,260229,13.70933754
454,TCGCGGCACCAACATGACGC,99,260328,13.71455304
455,TTATTTCCAAGTATTTGCCA,99,260427,13.71976854
456,AAGTGAGGAAAGCGAATGGC,98,260525,13.72493136
457,ACTAATAGAAAGCCTGTAGT,98,260623,13.73009417
458,CCGAGCGTTCCGAAGGCCTT,98,260721,13.73525699
459,CTGAAAATCGCAAGCAGAAT,98,260819,13.74041981
460,GAAGCCGTACTACGCTCGAT,98,260917,13.74558263
461,GCCGCTACAACCTTCGTCGC,98,261015,13.75074545
462,ATCACTTTCCACAAAATGCA,97,261112,13.75585558
463,CAGTCAGAGTTTTGAGAGGA,97,261209,13.76096572
464,CGAAGCCACGGGAAGGCCCG,97,261306,13.76607586
465,GGCGGGGGGGGGGGGGGGGG,97,261403,13.77118599
466,GTCTTTCGTGAAGTACTCTA,97,261500,13.77629613
467,TTTTGGACTCCCAGGAGACT,97,261597,13.78140627
468,ACAACTCAGACTGCGTTTTT,96,261693,13.78646372
469,AGCCGAGAAAACAAATGTGT,96,261789,13.79152118
470,AGCGAATTATTGAACGAGCA,96,261885,13.79657863
471,GACTGCTGAGCGCGTGCTGA,96,261981,13.80163609
472,GGAACTTCGAATTCGGCATT,96,262077,13.80669354
473,GGCCTGAAAAATTGATGTTT,96,262173,13.811751
474,GTACTCTACAAAGAGAACTT,96,262269,13.81680845
475,GTGCTCCACGTCGACGTACA,96,262365,13.82186591
476,TGATTGAGAGACACTGCATT,96,262461,13.82692336
477,TTGTGGAGAGGAGGACGAGA,96,262557,13.83198082
478,AACGCCAGCTCCTCCGCTAG,95,262652,13.83698559
479,AGCGGCAGACAACGGATGAG,95,262747,13.84199036
480,AGGCTTTGTGAGTATAGAGG,95,262842,13.84699513
481,ATTATTTTGTATTCTGCAGA,95,262937,13.85199991
482,ATTGCATTCATGCTGAAACT,95,263032,13.85700468
483,CACCGCTAGGGGATTCTTTT,95,263127,13.86200945
484,CCGTACCCAGAAAAAAATTT,95,263222,13.86701423
485,CGCGCTTGTAGCCTTTCCTG,95,263317,13.872019
486,GAGCACGGCCTGACGAGAGA,95,263412,13.87702377
487,TCAAACGCAAGTGTCTGAAC,95,263507,13.88202855
488,TGATGCCGAGTGAGAATTCA,95,263602,13.88703332
489,TGCATTTTCGGTCGTTTTTC,95,263697,13.89203809
490,TGGACGTTTGGCGCCAAAGT,95,263792,13.89704286
491,TTGATTACTTGTAATGCGTA,95,263887,13.90204764
492,AACTCTACAGTCAAGGCCAT,94,263981,13.90699973
493,AGTTAAAATGCACCTAGGTC,94,264075,13.91195182
494,ATCGTTATCGGGGCTATCGG,94,264169,13.91690391
495,GACCGATTCGAGAAGAAATA,94,264263,13.921856
496,GAGCGGCCCTTGGAAGCAAA,94,264357,13.92680809
497,GGGTTACGTTGATGGTCACT,94,264451,13.93176018
498,GTTGCATTAACGCGCACTGA,94,264545,13.93671228
499,TCGATGCATTGCGGCAGCGG,94,264639,13.94166437
500,TTTTATATATTGAAAGAAAA,94,264733,13.94661646
501,AAAAAAAAAAAAAAAAAAAC,93,264826,13.95151587
502,AAACTCGTCAAACACAAAGT,93,264919,13.95641528
503,ACACGGGGCGAGACAAACAG,93,265012,13.96131469
504,ATACCTGTTCACACTCGGAG,93,265105,13.96621409
505,ATTGTCGTCACTTCCAGTAT,93,265198,13.9711135
506,ATTTTGACTTTGCTGAAAAC,93,265291,13.97601291
507,CAAATGCAGTTTATAAAGTA,93,265384,13.98091232
508,CGCCCGCCTGGAAGGATTTC,93,265477,13.98581173
509,GACGAACGCTGTCGTCGAAA,93,265570,13.99071114
510,GCTGCCGCACTCCGTGTCGA,93,265663,13.99561055
511,GTGTCGTCGATGCGGGGGAG,93,265756,14.00050996
512,TGGCCTTGGCTGTAGAGTTC,93,265849,14.00540937
513,AAAACCGCTGCATGTGAACT,92,265941,14.0102561
514,AAAGGCTGCTTTCAGGGGCT,92,266033,14.01510282
515,ACGACTTTGATTAAATTTGG,92,266125,14.01994955
516,ACTCTAGATGTAAAATATAC,92,266217,14.02479628
517,AGGCTTGCGCGCGCTCCGTC,92,266309,14.02964301
518,CGCAAGAGCCTCTCGGACTC,92,266401,14.03448973
519,CTTCGCTGCGGTACAACATA,92,266493,14.03933646
520,GCACATAAAGAAACCATTCC,92,266585,14.04418319
521,GGCTTCGCTTCCCGATAGTT,92,266677,14.04902992
522,GTGAGGGCGGTGAGTGCGTG,92,266769,14.05387664
523,GTTACCGGCTCATGTCAAAA,92,266861,14.05872337
524,GTTACGGTTTCGCAGGCATT,92,266953,14.0635701
525,GTTCCGGTGAAAGTGCCTGT,92,267045,14.06841683
526,GTTCGTCTGCTTCTTGCGCA,92,267137,14.07326355
527,TAATGAAAAATAGAGCACTT,92,267229,14.07811028
528,TCTTTTTGTATGAAATTTAT,92,267321,14.08295701
529,TGCGTTTCCGTCTTTTATAC,92,267413,14.08780374
530,TGTAAGGACTTCAAGTTTGA,92,267505,14.09265046
531,TTGGCAGAGCTACATTAGAA,92,267597,14.09749719
532,AGATCGTGCGGGCCAACGAA,91,267688,14.10229124
533,AGGACGCCGAGAAGTTCGAA,91,267779,14.10708528
534,AGTAATGGCCGGCCGCAAGT,91,267870,14.11187933
535,CAACACTGGTGAAATGAACT,91,267961,14.11667337
536,CGTGTATTTATGTGCACTGT,91,268052,14.12146742
537,CTCTCGCATTGACAACCGGG,91,268143,14.12626147
538,GAAAATGACTGCTTTCGTGC,91,268234,14.13105551
539,GAAGAAATAAACGTTTAATG,91,268325,14.13584956
540,GATCGGTGACGTCAAAAATC,91,268416,14.1406436
541,GCATTAACTGTCCCATGGAG,91,268507,14.14543765
542,GGCTAGCGGTTGTACTGCAC,91,268598,14.15023169
543,TAGCTAGGCTAGGTGGCGCT,91,268689,14.15502574
544,TCTGCTCGTTCAAACAAAAG,91,268780,14.15981979
545,TGCATTTTCGTACGTTTTTC,91,268871,14.16461383
546,TTTTCGCCAAAACCGAATGC,91,268962,14.16940788
547,AACGGCACTGCACCGGGACT,90,269052,14.17414924
548,ACGTGTCCGCTATGGGACAA,90,269142,14.17889061
549,CAGAAATTCAATATTTTCAA,90,269232,14.18363197
550,CCAGGTATTCGCCTGACGTT,90,269322,14.18837333
551,CCTACGTCACGCCGCGGTGG,90,269412,14.1931147
552,CGATAATATCAGGCACAAAG,90,269502,14.19785606
553,CTGACGTCATAGTCAGCATT,90,269592,14.20259742
554,GAGGTCCCGGGTTCGATACC,90,269682,14.20733879
555,GCTGTGCAACGATATTCAAT,90,269772,14.21208015
556,TAGACTCGCGTAGCAGTCAA,90,269862,14.21682152
557,TGCAACGCTGTCAAAGCTAC,90,269952,14.22156288
558,TTATGCGCTTCTTGCCGCGT,90,270042,14.22630424
559,AAAAAAAAAAAAAAAAAAAG,89,270131,14.23099293
560,CAACACGGCGCCGTTTCGCA,89,270220,14.23568161
561,CGTCGCTAGTTCTGGCAAAA,89,270309,14.24037029
562,CTCCCTTTCTAAAGGAACAT,89,270398,14.24505897
563,GACGTGGCACGGGAGTAATT,89,270487,14.24974765
564,GCAATTATATGCCATCAGTT,89,270576,14.25443634
565,GGTACAAACTGCTCTAAAGC,89,270665,14.25912502
566,TCGCCTCGGAGCCACCGAGG,89,270754,14.2638137
567,TTTTTCTAAATTCCCGTCCC,89,270843,14.26850238
568,AATCAAGTTTAGAAAAGTTA,88,270931,14.27313838
569,AATCGATGAATGCACTCCAG,88,271019,14.27777438
570,AATGTATTTGGAAAAGTATT,88,271107,14.28241038
571,ACAGGTCGAGTACGTCACCG,88,271195,14.28704638
572,AGTCGTGCGCTCTAACGTCG,88,271283,14.29168238
573,ATGTTGATCATTGTTACCAG,88,271371,14.29631838
574,ATTGGACCCGAGCATTGCGT,88,271459,14.30095438
575,CAAGAACTACGCAGTAACAC,88,271547,14.30559038
576,CAGCACGCGACAAAACAGCA,88,271635,14.31022638
577,CGAAAATGAGCCCACTTGCG,88,271723,14.31486238
578,GCAGACGCCTGTTCTGCTGC,88,271811,14.31949838
579,GCGGATCCGCGTTCGCAAAG,88,271899,14.32413439
580,TGTTTTGTTGCGCTACCTGG,88,271987,14.32877039
581,TTGGAAGCAACTTTATTAAA,88,272075,14.33340639
582,AAAAAATAAAGCACAATGGC,87,272162,14.3379897
583,ACATCACAGGGGCACTTCTC,87,272249,14.34257302
584,AGTATTTGGGAGGGAACTTG,87,272336,14.34715634
585,ATCGTACGTGGTCTCCGAGG,87,272423,14.35173966
586,ATTACAATTACTATTACTCT,87,272510,14.35632298
587,CAAGGTAATGACGTCACGAA,87,272597,14.3609063
588,CAGGCAGGTTTCAAAACGCC,87,272684,14.36548961
589,CATTGCAAAACGCCAAACCA,87,272771,14.37007293
590,CGAGAAGGCAGGTTTTTGTC,87,272858,14.37465625
591,CGCGGTTACGCCGACGGCGA,87,272945,14.37923957
592,GAACCCAGCGCTGCAGTCTC,87,273032,14.38382289
593,GAATTTGCTTCAACGAGTTT,87,273119,14.38840621
594,GCATCGGCACTCGTGGACAC,87,273206,14.39298952
595,GCCGAGAGAACTTCCGGTTC,87,273293,14.39757284
596,GCGGCTGGCCCCAGCTGGGC,87,273380,14.40215616
597,GTTTTATGAGCAATACAATA,87,273467,14.40673948
598,TCGTGTCCAATGCGTGAGCT,87,273554,14.4113228
599,TGAGCTGATTCTTGTTTTTC,87,273641,14.41590612
600,TTCAAACTGAAAGTCTCTAC,87,273728,14.42048944
601,TTCAGATTACCATTTCTTTT,87,273815,14.42507275
602,AAATTTCGTTAGCCCAACGC,86,273901,14.42960339
603,AATAAAAATAAGCTGGAATG,86,273987,14.43413403
604,ACCAGGTACGCCAACGCACG,86,274073,14.43866466
605,CGAGGAGCAGTGACGTCACA,86,274159,14.4431953
606,CTCTTGTGAAATGCAGTTCC,86,274245,14.44772594
607,GCGCGATTTATGAGTTGAGG,86,274331,14.45225657
608,GGAAAAGGGACGTAGCTTGA,86,274417,14.45678721
609,GGGTAAAGATCAGTTCAGAA,86,274503,14.46131785
610,GTAATCAGCTTGGACGTAAT,86,274589,14.46584848
611,GTTTCGATGATCGAATCAAG,86,274675,14.47037912
612,TAACATTTCAAGGAGGCTGA,86,274761,14.47490976
613,TCTTGCCGAGGCGACGCAAG,86,274847,14.47944039
614,TGAAGAGATTCATCAAAGCG,86,274933,14.48397103
615,TTCCGGAAAGTCTTTTTCGA,86,275019,14.48850167
616,TTCTCCCGTCTGCCTGGAGA,86,275105,14.4930323
617,TTTTGTTTTGTCGAGGCATT,86,275191,14.49756294
618,AAAATGTTTGCGCAGTCGAC,85,275276,14.50204089
619,AAGAGACCGATTACCCGTTG,85,275361,14.50651885
620,ATATTTATACAGCGTGTAGT,85,275446,14.5109968
621,ATTGTCATTTACGGATATTG,85,275531,14.51547476
622,CGTGCTACAAGTCCCTGCTT,85,275616,14.51995271
623,CTCAGTTAAGAAGAAAGTTA,85,275701,14.52443067
624,CTCTAGAAAAAGTGAAGGAG,85,275786,14.52890862
625,GATACGACCAGTATTAATGA,85,275871,14.53338658
626,TCTTCAATTGCTTCTTCAGC,85,275956,14.53786453
627,TCTTTTCCTGCCTCAGTCTC,85,276041,14.54234249
628,TGGACATCAAACAGATTTAT,85,276126,14.54682044
629,TTGGGCGGAGAATGAGCGTT,85,276211,14.5512984
630,ACAACAAGTTTAAATTATTT,84,276295,14.55572367
631,ACAGTCGCAGAAACAAAAAC,84,276379,14.56014894
632,ACATCGTGATGGCAGTGTTG,84,276463,14.56457421
633,AGAGGTCGCAAGAGTGTGAA,84,276547,14.56899949
634,ATTTTCCGCTAGATTTAGCG,84,276631,14.57342476
635,CACGTTACTGAAAAATAGTA,84,276715,14.57785003
636,CAGGGTATTTATGCTCGCCG,84,276799,14.58227531
637,CATGATTAGTTTGCCGAGCC,84,276883,14.58670058
638,CGAGTTCGTTTCACACGCAC,84,276967,14.59112585
639,CTGATTTTCAGCTTGGCCGC,84,277051,14.59555113
640,GATGGTGTTTGTAAATAGCA,84,277135,14.5999764
641,GCGAAACATCCGACCCACGA,84,277219,14.60440167
642,GCGGACGCGGGGCCACCGTC,84,277303,14.60882694
643,GTCGAAATACAAAATATAAG,84,277387,14.61325222
644,TAACGGTAACCGGTTCAAAA,84,277471,14.61767749
645,TTGCGATAAGAAGTAAGTGC,84,277555,14.62210276
646,AAACCGAAACTAGCCGCTCG,83,277638,14.62647535
647,AACGTAACCGCTTATAGTGC,83,277721,14.63084795
648,AGCAATTTCTGAAGCTAGCT,83,277804,14.63522054
649,AGGGGCTTAGAGCGATAAAC,83,277887,14.63959313
650,ATCTAGCGAAACCACAGCCA,83,277970,14.64396572
651,ATTTGTTCCGTGCTGGAGCG,83,278053,14.64833831
652,CAAAATGGCTGCTGGTTTGT,83,278136,14.6527109
653,CGAAAAATATTTTCCCACGG,83,278219,14.65708349
654,CGACACCCTTTCCCGACAAT,83,278302,14.66145608
655,CGTTTAAACTTTTTATGACT,83,278385,14.66582867
656,CTCTTTCTTGATTCGGTGGA,83,278468,14.67020127
657,GAGAATGGTTGTTTTGAGAA,83,278551,14.67457386
658,GCCATGAGCAACAGTTTTGA,83,278634,14.67894645
659,TGTACGAACGCAAAAGCTGA,83,278717,14.68331904
660,TTTGCATTTAAAAAGTATGG,83,278800,14.68769163
661,TTTTGTCTTACGCACATTTT,83,278883,14.69206422
662,AAAAAAAAGAAAAACGCTTC,82,278965,14.69638413
663,AATCGTAGTTCGACAGCGTC,82,279047,14.70070404
664,ACAGTGGCCAATGTGACTGT,82,279129,14.70502395
665,ATAACCCAGCACGTACTAGA,82,279211,14.70934386
666,ATATATCGGCCACGGAGTTC,82,279293,14.71366377
667,CGGTATGTACACTTTGTTAT,82,279375,14.71798368
668,CTCGTCAAATTATGAGGCGC,82,279457,14.72230359
669,CTCGTGTGCGCATGCGCGAC,82,279539,14.7266235
670,CTTGTAGCATCGGCTGCGTC,82,279621,14.7309434
671,GCACCAGCGGCGGCTCCAGG,82,279703,14.73526331
672,GCATACGTTTAGTGATCCTC,82,279785,14.73958322
673,GCGATTTATTGGAGAGAGCA,82,279867,14.74390313
674,GGCCCTTCGGCTCATAACAT,82,279949,14.74822304
675,GTCAACACTGACGAAGAATG,82,280031,14.75254295
676,GTCATGACGAAGAGCTGGAA,82,280113,14.75686286
677,TACTTGGCCAGCTGCGCGCG,82,280195,14.76118277
678,TTATCCCAGACACTGTTGCG,82,280277,14.76550268
679,TTCCATTCCCATTCCATTCC,82,280359,14.76982259
680,TTTTGACGCCGAGCCGACTT,82,280441,14.7741425
681,AAAACCGAAACTATGGGCTC,81,280522,14.77840973
682,AAGAATAAAATTTAAATTAT,81,280603,14.78267695
683,AATCGAGATTTCGCTTCTAC,81,280684,14.78694418
684,ACACTGTGTAAGATACTCGT,81,280765,14.79121141
685,AGGTTGTAAAAAACGTGTTT,81,280846,14.79547864
686,AGTGAGGTTTCTGAATTCGG,81,280927,14.79974586
687,ATTTTTATTTCGGGTTCCGT,81,281008,14.80401309
688,CAGTTCAGTGAAGAATCGCC,81,281089,14.80828032
689,CATCCTGGTCGGGCCAAGCC,81,281170,14.81254755
690,GACGAAGGAATTGTGACTCG,81,281251,14.81681477
691,GATCTTAGACGATCGAATCG,81,281332,14.821082
692,GATGATGATAGTGATCAAAG,81,281413,14.82534923
693,GCGGATCCGCGTTCGCGAAG,81,281494,14.82961646
694,GGATTGGTTGAGATGTGGTG,81,281575,14.83388368
695,GGCGATGACTCGGGATATTA,81,281656,14.83815091
696,GGGCATTGATGCCGCTGGTC,81,281737,14.84241814
697,GTTATTACAATAAACGCTAG,81,281818,14.84668537
698,TAAATTTCTCATCTACAGCT,81,281899,14.85095259
699,TCACGTTTCATTGCGCCTCT,81,281980,14.85521982
700,TCGCTGTATGAGTGATGTTT,81,282061,14.85948705
701,TGAAACGGCGTTCGATGAAA,81,282142,14.86375428
702,TGTGCAGCGTTGCCCACAGA,81,282223,14.8680215
703,TTCACTGGGCGCCATATTTG,81,282304,14.87228873
704,ACCGCATCGCCGGTCGACAG,80,282384,14.87650328
705,ACGCTGGAAAACCGCAGCAA,80,282464,14.88071782
706,AGTACGACTTGCGCGTCCGA,80,282544,14.88493237
707,ATATTTAAACAGCAAAATAA,80,282624,14.88914691
708,CTTGGGATTTTCGCTCTCTT,80,282704,14.89336146
709,GATGCGCCTTTTGTAACCCG,80,282784,14.897576
710,GCACATAATATTCCAAGAAC,80,282864,14.90179055
711,GCCTCAATGTCCTTCTGTTT,80,282944,14.9060051
712,GCGGCGCGAGCAAGGCCACG,80,283024,14.91021964
713,GTCGAACTTCGAAAGACCGG,80,283104,14.91443419
714,TGGCTCTCCGAGTGTTGTGC,80,283184,14.91864873
715,TGGTTTGTTGACGCGGGACG,80,283264,14.92286328
716,TGTGGGAAACGCCCCCTTTT,80,283344,14.92707782
717,TTCTTTGTGTTTTATTTCTG,80,283424,14.93129237
718,TTGTCCGGTGAGCTTTTGTC,80,283504,14.93550692
719,TTTGATATTTGAGATTCTGG,80,283584,14.93972146
720,TTTTAATTTTTGCCTGATCT,80,283664,14.94393601
721,TTTTTTAGAGCGCAGCTCTT,80,283744,14.94815055
722,AAATCCTGATGCTGGCGATC,79,283823,14.95231242
723,AATTTTAGGGCAATATTTGG,79,283902,14.95647428
724,AATTTTCCCGCTAAATTTAG,79,283981,14.96063614
725,ACACGCGCAGAGCTCCAGCG,79,284060,14.96479801
726,AGAAAAGCTCACCGCAAAAC,79,284139,14.96895987
727,AGCACATCGCGATGAAGCGG,79,284218,14.97312174
728,CAGCATGGCCGACAGCGTCG,79,284297,14.9772836
729,CATGATTGTAAACCTGAGAC,79,284376,14.98144546
730,GAACTTTGACAATTAATTAC,79,284455,14.98560733
731,GAGACGCCGATGCGAGCCCC,79,284534,14.98976919
732,GATGATGACGATGCGGATGC,79,284613,14.99393105
733,GCAGCGAGTGCATGCACGCG,79,284692,14.99809292
734,GCATTGTGGAAGCCACGAGA,79,284771,15.00225478
735,GGACACTTGGTTCATGTGCT,79,284850,15.00641665
736,TCGAGTTGCCCGTGTGGCAC,79,284929,15.01057851
737,TCGATTTTAAAATCATTTCA,79,285008,15.01474037
738,TGAGATCCCATGAAGGGTGT,79,285087,15.01890224
739,TGGCACGCGATATAAGCAGC,79,285166,15.0230641
740,TTTTTTCAAAGTAAACGCGC,79,285245,15.02722596
741,ACAGATAAGTCGCATGGTCG,78,285323,15.03133515
742,ACTAATTACGACACCACGAC,78,285401,15.03544433
743,AGAAATTCAACCGAGCGCGG,78,285479,15.03955351
744,AGCGCTTTCAAACGGAATAC,78,285557,15.04366269
745,AGTTTCTCAGCTAGACTTAG,78,285635,15.04777188
746,ATGAGCATCGTACCGGCGTG,78,285713,15.05188106
747,ATGTTCGTTCCGCGTGATCG,78,285791,15.05599024
748,ATTTTCGTCTAAGTTGTTTG,78,285869,15.06009942
749,CATTCTTGAATAAAACTTCT,78,285947,15.0642086
750,CCCACCACCGAGCCCAACAA,78,286025,15.06831779
751,CCCGGGCAGGACGAGGCCAG,78,286103,15.07242697
752,CCTGAACCTGCCGCTTGATT,78,286181,15.07653615
753,CGCAGACTGTCGCCGCGAAG,78,286259,15.08064533
754,CGTAATGACTAGCTCTACCT,78,286337,15.08475451
755,CGTTAGGGATCCGTTTTAAG,78,286415,15.0888637
756,CTCAGACGTTGTTGCGTGAA,78,286493,15.09297288
757,CTCTCATAAAGTGAGTGCTT,78,286571,15.09708206
758,GAAGAAAACAACATTTTTCG,78,286649,15.10119124
759,GACGTGCAGCTTTCGTTCAC,78,286727,15.10530042
760,GATTACTACCAGCGTGCAAG,78,286805,15.10940961
761,GGTGCGTTGGCTATTCATCT,78,286883,15.11351879
762,GTCGGAACTCACAACAGGCT,78,286961,15.11762797
763,TACCCTCACGAGGGTCACGA,78,287039,15.12173715
764,TAGACGTCAGTAGAGCAAAC,78,287117,15.12584633
765,TCACGGGCACATTTCATCGT,78,287195,15.12995552
766,AAAGCATCACAAGTTGTCAC,77,287272,15.13401202
767,AACACGACGACGTCTCAATT,77,287349,15.13806852
768,ACGCGGATCGTCGGAGGCCG,77,287426,15.14212502
769,AGTTTTTTTCACAAGGTCGC,77,287503,15.14618152
770,ATGTACAAATTACTCAAAAA,77,287580,15.15023802
771,ATTATTTTAAGAATTTGTTT,77,287657,15.15429452
772,ATTTGCGACAGATGGCGCTG,77,287734,15.15835102
773,CATGGCGACCCAAAGCGAGG,77,287811,15.16240752
774,CATTCCGGCAGTCCGCACGT,77,287888,15.16646402
775,GACCACTTTTGATGTATGGG,77,287965,15.17052052
776,GATCATCTTATTCGTTTTGC,77,288042,15.17457702
777,GCGGTATCCGAATCAATCCG,77,288119,15.17863352
778,GCTTGTCACAAAGACCACGT,77,288196,15.18269002
779,GGCGACTAGCGGCGAACGCC,77,288273,15.18674652
780,GTCAGGGAAATTTTAATTAC,77,288350,15.19080302
781,TATTTTTTTTTATTAAGTTA,77,288427,15.19485952
782,TCCGTGCTTCGAATGCCGCA,77,288504,15.19891602
783,TTAGAGCGCAGCTCTTGAGG,77,288581,15.20297252
784,AGAATAATTGTGCTTCATTG,76,288657,15.20697634
785,AGATACAACATAAACAGCAA,76,288733,15.21098016
786,ATAACTTTTGAATAAGGTAT,76,288809,15.21498397
787,ATGGCGGCGTCACGCATGCG,76,288885,15.21898779
788,CATCTCGGTAAGACAAGAGA,76,288961,15.22299161
789,CGCTTCACCTGCTGCCTGTG,76,289037,15.22699543
790,GGGCTTTTTGGCGTCCGCAT,76,289113,15.23099925
791,GTGTAGCGCGCGTGCGGCCC,76,289189,15.23500307
792,GTTTTTAGTGTTGCCCGGCA,76,289265,15.23900688
793,TAACCACCAACAAAAACAGT,76,289341,15.2430107
794,TACACTCCGTGCGACGCGAC,76,289417,15.24701452
795,TGTCGCACGTTTGCTCAAAC,76,289493,15.25101834
796,TTCAACTTAGCGCGGGTAAA,76,289569,15.25502216
797,AACCTTTCGAAATCGAACCT,75,289644,15.25897329
798,AACTGTTTAAACATTTGTGG,75,289719,15.26292443
799,AAGTAACGCCACGAAAGTAA,75,289794,15.26687557
800,AAGTGTGTCTCCACATCTTA,75,289869,15.2708267
801,AATGCGAAAATTCAGAGAAA,75,289944,15.27477784
802,AGGCGTTAGCGACATCCACC,75,290019,15.27872898
803,AGGTGAGTTATACGGCCAGG,75,290094,15.28268011
804,CACGATACTTGAAACAAGTC,75,290169,15.28663125
805,CAGTCGTGGCCGAGTGGTTA,75,290244,15.29058239
806,CCGCGGAAAGAAACATGTCT,75,290319,15.29453352
807,CTTTTGGCTGCCCAAGGCTA,75,290394,15.29848466
808,GAAATATTCCAGATGAATGG,75,290469,15.3024358
809,GCAAAAAAGTGCTCCCGCTT,75,290544,15.30638693
810,GCAGAAAAATGTGTCACGAC,75,290619,15.31033807
811,GCCAGAGCAACGCCTAATTT,75,290694,15.31428921
812,GGAAATAAACTGTTTCAGAA,75,290769,15.31824034
813,GGACGCTACGTCTCTTGTAC,75,290844,15.32219148
814,GGATGTGGTAGCCGTTTCTC,75,290919,15.32614262
815,GGGGGTGGGGGGGGGGGGGG,75,290994,15.33009375
816,GTGGTTCCGCAGCGAGACTC,75,291069,15.33404489
817,TACAAGCGTAACCGTAATAT,75,291144,15.33799603
818,TAGGACATTTATTTTAACCA,75,291219,15.34194716
819,TGGTGGAAGAGTGCGACTAG,75,291294,15.3458983
820,TGTCGGCATGGCAACGTCTT,75,291369,15.34984944
821,TGTTTTTTTTTTATTCGCAT,75,291444,15.35380057
822,TTCTGATCAAGGTTGTCGGT,75,291519,15.35775171
823,TTCTTCTTAACCAGTACGAC,75,291594,15.36170285
824,AAAGTAAACAAAGTTCCTAG,74,291668,15.3656013
825,AAGCACTCCCGGGTCGAAGT,74,291742,15.36949975
826,ACAAATCTCCAAACACAGCT,74,291816,15.37339821
827,ACTAGTTGGCCACTCAGTTT,74,291890,15.37729666
828,ATTCAGCCGCCACCAGCGTC,74,291964,15.38119512
829,CAGTGTCTGGAAAAAGGCAA,74,292038,15.38509357
830,CGACGCTTGTGTTCGCTCTC,74,292112,15.38899203
831,CGGTGGCCGTCGGGCCACTG,74,292186,15.39289048
832,CTTTATTTGGACGAGTTTCT,74,292260,15.39678894
833,GACCTCAATTTTAGATTAAG,74,292334,15.40068739
834,GATGAGCAATTTAGCCAGTG,74,292408,15.40458585
835,GCCTCACTTTCTTTGCACTG,74,292482,15.4084843
836,GCCTGGAACGCGTCTCCGAC,74,292556,15.41238276
837,GGCGCTAGAGGTGAAATTCT,74,292630,15.41628121
838,GGGCGCTGTCACCTCACCCC,74,292704,15.42017967
839,GTTCATAAAACATGAACTAG,74,292778,15.42407812
840,TCATGGTATGAAGCACCTTA,74,292852,15.42797658
841,TCCTCGCCGTGACGTCACCC,74,292926,15.43187503
842,TGATACTCGTATTTCAATTC,74,293000,15.43577349
843,TTAAGTGTGCCCGTGTAACA,74,293074,15.43967194
844,TTATAGACGAGAGGGCGCTG,74,293148,15.44357039
845,TTCGTCAAATTAAAATTTAT,74,293222,15.44746885
846,AAAAAAAAAAAAAAAAAAAT,73,293295,15.45131462
847,AAAAACAAATGAATGAATAG,73,293368,15.4551604
848,ACCAAGCCTGCTATCATTTG,73,293441,15.45900617
849,AGCACGACTGGAGAGGCCCA,73,293514,15.46285194
850,ATCTGCGACCGGGCACTCTA,73,293587,15.46669771
851,ATGGAGGAAAAAAGTAGCAA,73,293660,15.47054349
852,CAATGGTGTCCCGATGACCG,73,293733,15.47438926
853,CATCGCATTTTGGAACGGGG,73,293806,15.47823503
854,CGCAGTGCCCACACCTGGTG,73,293879,15.48208081
855,CTATAGGGAGTATTCACTGG,73,293952,15.48592658
856,CTGAGCATTTCTTTACACAC,73,294025,15.48977235
857,GCAGATTATAAAGAACAGAC,73,294098,15.49361812
858,GCTCCGCTGCATGTGTGAAC,73,294171,15.4974639
859,GGCTCAATATTTCGCGATTT,73,294244,15.50130967
860,GTGCGTTCTGACTCGCGCTC,73,294317,15.50515544
861,TCAAACGTGATTATGGGATA,73,294390,15.50900122
862,TCAGCATTAGATGCGGTGCT,73,294463,15.51284699
863,TCGACGTTTCGGCCGGAGTC,73,294536,15.51669276
864,TGACAGTAGCTATTTAATAA,73,294609,15.52053853
865,TGAGTTGAGGATTAAAGCTA,73,294682,15.52438431
866,TTGGAAGTTTCAACACGATG,73,294755,15.52823008
867,AAGAAGCTGCATTGCTTTAG,72,294827,15.53202317
868,AATCAGCTCAGCGAATGATG,72,294899,15.53581626
869,ACCAAGGTTTGACTCGGCTC,72,294971,15.53960935
870,AGGAACAGCTGGGCAGTCTT,72,295043,15.54340244
871,AGGAATCAGCTTACCGAGGC,72,295115,15.54719554
872,ATTCGACCGGTTCGACTTTG,72,295187,15.55098863
873,CAAAAACTGAAGGTCGGTTA,72,295259,15.55478172
874,CACGTTTAGTTATATCTTTG,72,295331,15.55857481
875,CCATTCCATTTAGCGCTCTC,72,295403,15.5623679
876,CCGAACGCGGCGTCAGCGTT,72,295475,15.56616099
877,CCTTTCCACTCTGGTGAAGA,72,295547,15.56995408
878,CGATGTCTTCAGCCACGAGA,72,295619,15.57374717
879,CGTAACCGCGCGTTGCATTA,72,295691,15.57754026
880,GCAAATCTTGTCTACGCCCG,72,295763,15.58133336
881,GCGGCGCGCATGCGCAGCTG,72,295835,15.58512645
882,GCGGTGCAACGATATTCAAT,72,295907,15.58891954
883,GGAGCACCGCAAAAGTAGAC,72,295979,15.59271263
884,GGGGAGGGGGGGGGGGGGGG,72,296051,15.59650572
885,GTCGTCTTCAACACGAGCAG,72,296123,15.60029881
886,GTTGCACTCTGGGAACTAGT,72,296195,15.6040919
887,TAGTCAGCAACGAATGGTGC,72,296267,15.60788499
888,TATGACGAACTGAAGTTCCT,72,296339,15.61167808
889,TCGACGTCGATACTGAAAAT,72,296411,15.61547118
890,TGTGTGTGTGTGTGTGTGTG,72,296483,15.61926427
891,TTATATAGCCTACATATTGA,72,296555,15.62305736
892,TTCCACAGCACCGAAGACAG,72,296627,15.62685045
893,TTCGGCGATCTCGTTCTGTT,72,296699,15.63064354
894,TTGGCTGGCGCGCGTCGACG,72,296771,15.63443663
895,TTTATTATACGGAGTTTTAG,72,296843,15.63822972
896,AAAATCTTTCGCACGTTGAA,71,296914,15.64197013
897,AACCGGTTCTTTTCCCGCGC,71,296985,15.64571054
898,ACGCCCAGGTGGTTGCTCAA,71,297056,15.64945095
899,ACTAATAGCACATCGTTCAG,71,297127,15.65319136
900,AGCGTATACTAAAGTTGCTG,71,297198,15.65693177
901,AGTAATTTCGTTACTTGTAA,71,297269,15.66067218
902,AGTGGCAGCCGAAGGAACTA,71,297340,15.66441259
903,ATACGAGTGAGCCAATTAGA,71,297411,15.668153
904,ATTCTGGCTGCCGCAAGCGG,71,297482,15.67189341
905,CACCGCTCGAGTAGATGATT,71,297553,15.67563381
906,CACCTTCAGTCCGAGCGCAG,71,297624,15.67937422
907,CATTTTAGCGCTCAAAAAAC,71,297695,15.68311463
908,CCACTTCAGTCCTGCCAGTA,71,297766,15.68685504
909,CCGCGCTTTCTTCGGAGAAT,71,297837,15.69059545
910,CGTAACCGCGCGGTGCATTA,71,297908,15.69433586
911,CGTGAGCGAAGCGAACGCGA,71,297979,15.69807627
912,CTTCGTTGCGGAGGGCTTAG,71,298050,15.70181668
913,GAAAGTTTGAGAATAGGTTG,71,298121,15.70555709
914,GCTACTTTTGAAACATGAAG,71,298192,15.7092975
915,GTAGACGACGGCAGGAGCGG,71,298263,15.71303791
916,TATATATTTTTATTCAGATG,71,298334,15.71677832
917,TCAGCTCGAGCGCGTAGCTT,71,298405,15.72051873
918,TCATAGGTAGTGCTGAGTTC,71,298476,15.72425914
919,TGATCCTCTACGCACAAGTT,71,298547,15.72799954
920,TGCGGTCGATTTAAAGAGCC,71,298618,15.73173995
921,TGTCAGCCGTGCCGACACAG,71,298689,15.73548036
922,TTACGAAAGTGCAGTGTCGC,71,298760,15.73922077
923,TTTCGAATTCCATGCTGCCT,71,298831,15.74296118
924,ACCATGTTCAAGCATAATAT,70,298901,15.74664891
925,AGGATAGTGGGTAGACCTCA,70,298971,15.75033664
926,AGGGAGTGTGATTTTCGTGC,70,299041,15.75402436
927,ATAGGGCACCGCAGCCGACG,70,299111,15.75771209
928,CAATAACCCAGCTTGAAGCT,70,299181,15.76139982
929,CCCTCGTCCTTGCCGGCGAT,70,299251,15.76508755
930,CCGGAGAACCGGTCCCGGTT,70,299321,15.76877527
931,CGTGCACTTTCACGGAGCAC,70,299391,15.772463
932,CTCAACTGCTATTTAAGTAA,70,299461,15.77615073
933,GGGAAATACCGGTTATAGTG,70,299531,15.77983846
934,GTTCGTAATACGGCTTCAGC,70,299601,15.78352618
935,GTTGCAATAACGCGCACTGA,70,299671,15.78721391
936,TCTCAGGGTAAACGACGAAA,70,299741,15.79090164
937,TGTGGCGGCGGAAGCGCGCA,70,299811,15.79458937
938,TTGAAGTCTTGCTCGCGCTC,70,299881,15.79827709
939,TTTACTTCGAATCTTTTATA,70,299951,15.80196482
940,TTTTGTTTTATCGAGGCATT,70,300021,15.80565255
941,ACACTTTTGAAGGTTGGTTG,69,300090,15.80928759
942,ACTTGGCTACTGCGCAACGG,69,300159,15.81292264
943,ATAAACCGGAAGTTCGGAAG,69,300228,15.81655769
944,ATCTTCAAAGTTCGGGGTGG,69,300297,15.82019273
945,ATTTAGCGGGGAAACTGAAT,69,300366,15.82382778
946,ATTTCTTCCACCGCAGTCTC,69,300435,15.82746282
947,CAATAATGATAAGCAGGAGG,69,300504,15.83109787
948,CATCTTCCACACTTTGACAC,69,300573,15.83473291
949,CCCCCCCCCCCCCCCCCCCC,69,300642,15.83836796
950,CGCTTTCTGACGCGGTCAAC,69,300711,15.842003
951,CGGCGCCGGTGGCGTCCGCT,69,300780,15.84563805
952,CGTAGCCAGGATTTTGTTTC,69,300849,15.8492731
953,CTACGAAAACTCTATTTCTG,69,300918,15.85290814
954,CTGTCAAGAATATACGCTCA,69,300987,15.85654319
955,CTTGGTGAGTAGCGTCACCA,69,301056,15.86017823
956,CTTTGCAACCATACTTCCCC,69,301125,15.86381328
957,CTTTTTAGAGCGCAGCTCTT,69,301194,15.86744832
958,GAAGGCAATTTCCAAGGCAA,69,301263,15.87108337
959,GAGTTTGATAATAATGCATC,69,301332,15.87471842
960,GCCGGGGAGGAGGAAGCAGA,69,301401,15.87835346
961,GGCAGACGAAATAACTCGAG,69,301470,15.88198851
962,GGTCGGGTATTGACCTAATC,69,301539,15.88562355
963,GTCCGTTTCTACTGCGTCTC,69,301608,15.8892586
964,TAGTTTTCGGGCGCTCTGGG,69,301677,15.89289364
965,TATTTTTTCGTCGCCCATAC,69,301746,15.89652869
966,TCAGTCGATGAAAAGCGGCC,69,301815,15.90016374
967,TCTTCTTTTTCTTTTTAATA,69,301884,15.90379878
968,TGGGAGCGCTCCGGCGTTCT,69,301953,15.90743383
969,TGGTGCACGTTAAAGACCCC,69,302022,15.91106887
970,TGTTATTCTCAGAGTGGCCT,69,302091,15.91470392
971,TGTTGTGGGCGCCGCCATTT,69,302160,15.91833896
972,TTAACGAGGATGAAGTTGAG,69,302229,15.92197401
973,TTTCTGTGGCGCCATCTATG,69,302298,15.92560905
974,TTTCTTTTATCCAGAGGCTT,69,302367,15.9292441
975,TTTGTAGAACATGAATTGGG,69,302436,15.93287915
976,AAGCCTCCGCGCCTCCGCCA,68,302504,15.93646151
977,AAGTCGTCTGCTTCTTGCGC,68,302572,15.94004387
978,AATAGCCGAGATCGTGGTCA,68,302640,15.94362624
979,AATTTTCCCGCTAAATCTAG,68,302708,15.9472086
980,ACGACTTTGAGTCCGGCCGC,68,302776,15.95079096
981,ACGCTAGAGTTGGCAGATTT,68,302844,15.95437333
982,ACGGAAGGCACCCAGGCAGC,68,302912,15.95795569
983,ACGTGACCTTGAGATGACCT,68,302980,15.96153806
984,AGAGAGAGAGAGAGAGAGAG,68,303048,15.96512042
985,AGTTCGTCTGCTTCTTGCAC,68,303116,15.96870278
986,ATCACGTGATGCGCGGCCCG,68,303184,15.97228515
987,CACCAATGCTCCCGCAGCCA,68,303252,15.97586751
988,CATCTGCTGCAAGTGTAGTC,68,303320,15.97944988
989,CCAAGATGGCAGCGCCCATG,68,303388,15.98303224
990,CTGACGTGAGACGTTCGGCG,68,303456,15.9866146
991,GAAGCGGGCGTTCCATGCCA,68,303524,15.99019697
992,GCCAAGAAACTCCTTTGTTG,68,303592,15.99377933
993,GCTAAGACCGGCAATCTTGA,68,303660,15.99736169
994,GGACACTGTTAGCGCGAACA,68,303728,16.00094406
995,GGCTAAAAGAAACACGTCCC,68,303796,16.00452642
996,GGGGGGGGCGGGGGGGGGGG,68,303864,16.00810879
997,TATGATTCATATGTGTTTAT,68,303932,16.01169115
998,TCAAGCATTCCCTTTCTGCG,68,304000,16.01527351
999,TCATTGATAAAAAGAGCGAT,68,304068,16.01885588
1000,TGACTGCCAGTCAGCAGCCT,68,304136,16.02243824