Total number of reads: 1000000,,,,
Guide,Site,Number of reads covered by site,cumulative number of reads covered,cumulative percent of reads covered
1,TTTTTCAAAGTAAACGCTTC,1,1,1
2,CGCTGGCGTGGAGCCGGGCG,1,2,1
3,CGGCGGGCGAGACGGGCCGG,1,3,1
4,CCCATTCGTGATGGGGATCG,1,4,1
5,GCCAGAGTCTCGTTCGTTAT,1,5,1
6,GTGCGTGACGGGCGAGGGGG,1,6,1
7,AGACATTTGGTGTATGTGCT,1,7,1
8,TCAGGGCTAGTTGATTCGGC,1,8,1
9,GAAGTTTCCCTCAGGATAGC,1,9,1
10,TAGAGGTGAAATTCTTGGAC,1,10,1
11,GATGCCGACCGGCGATGCGG,1,11,1
12,TTAATATACGCTATTGGAGC,1,12,1
13,GCGGCGGGGCGCGGGACATG,1,13,1
14,GCCGCCGCAGGTGCAGATCT,1,14,1
15,TGGAGTTTACCACCCGCTTT,1,15,1
16,ATTACCACAGTTATCCAAGT,1,16,1
17,GGGGCGGGCGCCGGCGGCTT,1,17,1
18,TTTCGATCGGCCGAGGGCAA,1,18,1
19,GCCCCCCCGGTGTCCCCGCG,1,19,1
20,TCAGGGTTCGATTCCGGAGA,1,20,1
21,GAGATTTACACCCTCTCCCC,1,21,1
22,TGACCTTTTGGGTTTTAAGC,1,22,1
23,TGGATAGTAGGTAGGGACAG,1,24,1
24,CCCGCTCCGGGGACAGTGCC,1,25,1
25,CTCTTTCGAGGCCCTGTAAT,1,26,1
26,GGCGGCGGCGGCGGCGGCGG,1,27,1
27,TGTTATTGCTCAATCTCGGG,1,28,1
28,AGCGGTCCTGACGTGCAAAT,1,29,1
29,AAGCAGAATTCACCAAGCGT,1,30,1
30,GCCTCACTAAACCATCCAAT,1,31,1
31,GAGTTCTCTTTTCTTTGTGA,1,32,1
32,GAAGAAATTCAATGAAGCGC,1,33,1
33,CGGCATCGGGCGCCTTAACC,1,34,1
34,GCGGGTCGCGCCGTCGGGCC,1,35,1
35,CGTAACTTCGGGATAAGGAT,1,36,1
36,CGGGGGATTCCCCGCGGGGG,1,37,1
37,TGGGGTCCGCGCAGTCCGCC,1,38,1
38,ACGGGCGGTGGCTCGCCTCG,1,39,1
39,AGAGTGGACGGGAGCGGCGG,1,40,1
40,GGGAGGACAGAAACCTCCCG,1,41,1
41,GGTTCTATTTTGTTGGTTTT,1,42,1
42,ATGTGAACAGCAGTTGAACA,1,43,1
43,TCTAAGTCAGAATCCCGCCC,1,45,1
44,TACGCCGGCTTCTATTGACT,1,46,1
45,CTAACACGTGCGCGAGTCGG,1,47,1
46,CGACCGGCTCCGGGACGGCT,1,48,1
47,CCAGTTCTAAGTCGGCTGCT,1,49,1
48,TCTGATCGAGGCCCAGCCCG,1,50,1
49,GGGGCGGGGGAGGGCCGCGA,1,51,1
50,CTCTTTCTCGATTCCGTGGG,1,52,1
51,CTTTGCAACCATACTCCCCC,1,53,1
52,TGTTGAGCTTGACTCTAGTC,1,54,1
53,TTTTCACTGACCCGGTGAGG,1,55,1
54,CGGATAAAACTGCGTGGCGG,1,56,1
55,CGTACTGAGCAGGATTACCA,1,57,1
56,CCCCGGTCCCGGCGCGCGGC,1,58,1
57,GTGGATCGCCCCAGCTGCGG,1,59,1
58,GACTACCATCGAAAGTTGAT,1,60,1
59,CATTAATCAAGAACGAAAGT,1,61,1
60,CGAATCCGGAGTGGCGGAGA,1,62,1