human_rRNA_150_guides_3,TTTTTCAAAGTAAACGCTTC
human_rRNA_150_guides_4,AGGCACTCGCATTCCACGCC
human_rRNA_150_guides_5,TCCCCGATCCCCATCACGAA
human_rRNA_150_guides_6,GAATAACGCCGCCGCATCGC
human_rRNA_150_guides_7,CACAGTTATCCAAGTAGGAG
human_rRNA_150_guides_8,GCCGCCGCAGGTGCAGATCT
human_rRNA_150_guides_9,TAGAGGTGAAATTCTTGGAC
human_rRNA_150_guides_10,GGCGCGGGACATGTGGCGTA
human_rRNA_150_guides_11,TCAGGGCTAGTTGATTCGGC
human_rRNA_150_guides_12,GAAGTTTCCCTCAGGATAGC
human_rRNA_150_guides_13,GTGCGGAGTGCCCTTCGTCC
human_rRNA_150_guides_14,TTAATATACGCTATTGGAGC
human_rRNA_150_guides_15,ATTCCCAAGCAACCCGACTC
human_rRNA_150_guides_16,TTTCGATCGGCCGAGGGCAA
human_rRNA_150_guides_17,AGACATTTGGTGTATGTGCT
human_rRNA_150_guides_18,TCTAGAGTCACCAAAGCCGC
human_rRNA_150_guides_19,TGGATAGTAGGTAGGGACAG
human_rRNA_150_guides_20,TCAGGGTTCGATTCCGGAGA
human_rRNA_150_guides_21,GAGATTTACACCCTCTCCCC
human_rRNA_150_guides_22,ACCTCCACCAGAGTTTCCTC
human_rRNA_150_guides_23,TGTTATTGCTCAATCTCGGG
human_rRNA_150_guides_24,TGACCTTTTGGGTTTTAAGC
human_rRNA_150_guides_25,GTATTTCACCGGCGGCCCGC
human_rRNA_150_guides_26,CTCTTTCGAGGCCCTGTAAT
human_rRNA_150_guides_27,TGGTGTGCGTCGGAGGGCGG
human_rRNA_150_guides_28,CGGCTATCCGAGGCCAACCG
human_rRNA_150_guides_29,GTTTAGTGAGGCCCTCGGAT
human_rRNA_150_guides_30,CCTGGCACTGTCCCCGGAGC
human_rRNA_150_guides_31,TGAAGAAATTCAATGAAGCG
human_rRNA_150_guides_32,GAGTTCTCTTTTCTTTGTGA
human_rRNA_150_guides_33,GGATTGTTCACCCACTAATA
human_rRNA_150_guides_34,CAAGCCGGATCCGTAACTTC
human_rRNA_150_guides_35,AATCCTCCGGGCGGACTGCG
human_rRNA_150_guides_36,CGGCATCGGGCGCCTTAACC
human_rRNA_150_guides_37,GGTTCTATTTTGTTGGTTTT
human_rRNA_150_guides_38,TTTCTCGATTCCGTGGGTGG
human_rRNA_150_guides_39,GAGAGGCAAGGGGCGGGGAC
human_rRNA_150_guides_40,TGTTGAGCTTGACTCTAGTC
human_rRNA_150_guides_41,TCGGCGAGTGCTGCTGCCGG
human_rRNA_150_guides_42,ATGTTCAACTGCTGTTCACA
human_rRNA_150_guides_43,CGTCACGCACCGCACGTTCG
human_rRNA_150_guides_44,TCGTCGCGGCGTAGCGTCCG
human_rRNA_150_guides_45,GACTGTCCCCAGTGCGCCCC
human_rRNA_150_guides_46,AGAATAGGTTGAGATCGTTT
human_rRNA_150_guides_47,GAGGAGGACGGACGGACGGA
human_rRNA_150_guides_48,TTCTTTTCAACTTTCCCTTA
human_rRNA_150_guides_49,GAAACCTCCCGTGGAGCAGA
human_rRNA_150_guides_50,GGTACTATATCTATTGCGCC
human_rRNA_150_guides_51,CTGTTCACTCGCCGTTACTG
human_rRNA_150_guides_52,CATTAATCAAGAACGAAAGT
human_rRNA_150_guides_53,ACTAACATTAGTTCTTCTAT
human_rRNA_150_guides_54,TACGCCGGCTTCTATTGACT
human_rRNA_150_guides_55,GAGGGTGAACTCACTGGAAC
human_rRNA_150_guides_56,CTTTGCAACCATACTCCCCC
human_rRNA_150_guides_57,AGAGCGGTCGCGCCGTGGGA
human_rRNA_150_guides_58,CCTAGCAGCCGACTTAGAAC
human_rRNA_150_guides_59,TAACTAGAAATAACTTTGCA
human_rRNA_150_guides_60,AAAAATTTAACACCCATAGT
human_rRNA_150_guides_61,CTTATGAGCATGCCTGTGTT
human_rRNA_150_guides_62,CAAATTCCTCCCTGTACGAA
human_rRNA_150_guides_63,CTAACACGTGCGCGAGTCGG
human_rRNA_150_guides_64,GGCGACGGGTCTCGCTCCCT
human_rRNA_150_guides_65,TTAGGACCTGTGGGTTTGTT
human_rRNA_150_guides_66,AGGGCTGGGTCGGTCGGGCT
human_rRNA_150_guides_67,TGAAACTTAAGGGTCGAAGG
human_rRNA_150_guides_68,GCGACGTCGCTATGAACGCT
human_rRNA_150_guides_69,CGCGGTGGAAATGCGCCCGG
human_rRNA_150_guides_70,TTAATCACTGCTGTTTCCCG
human_rRNA_150_guides_71,CGTAAACCCTATTGTTGATA
human_rRNA_150_guides_72,CGGAGAGGGGCTGACCGGGT
human_rRNA_150_guides_73,GTAGTCTATTTTGTGTCAAC
human_rRNA_150_guides_74,TTACCGCACTGGACGCCTCG
human_rRNA_150_guides_75,TTAAACATGTGTCACTGGGC
human_rRNA_150_guides_76,GGCGACAAACCTACCGAGCC
human_rRNA_150_guides_77,CGGTACAGTGAAACTGCGAA
human_rRNA_150_guides_78,AGCTTATGACCCGCACTTAC
human_rRNA_150_guides_79,GACTACCATCGAAAGTTGAT
human_rRNA_150_guides_80,TTCAGTCATAATCCCACAGA
human_rRNA_150_guides_81,CTCCGCCGTCCCCCTCTTCG
human_rRNA_150_guides_82,GCCTCACACCGTCCACGGGC
human_rRNA_150_guides_83,GTATAGTAGTTCGCTTTGAC
human_rRNA_150_guides_84,CCGTCGCCGGCAGTCGAGAG
human_rRNA_150_guides_85,GAGAGCTCACCGGACGCCGC
human_rRNA_150_guides_86,GGGGCTGTAACACTCGGGGG
human_rRNA_150_guides_87,GCGCTCGTGCTCCACCTCCC
human_rRNA_150_guides_88,GTGGATCGCCCCAGCTGCGG
human_rRNA_150_guides_89,AGTCTTTCGCCCCTATACCC
human_rRNA_150_guides_90,TAGAATAAGTGGGAGGCCCC
human_rRNA_150_guides_91,CGTCTTCTCAGCGCTCCGCC
human_rRNA_150_guides_92,GGAGGGGTCGGGAGGAACGG
human_rRNA_150_guides_93,AAATTTACAAGGGGATTTAG
human_rRNA_150_guides_94,CGTACTGAGCAGGATTACCA
human_rRNA_150_guides_95,GGGAGGAGGGGAGGAGGCGT
human_rRNA_150_guides_96,GTTGGGGGACGCCGACCGCT
human_rRNA_150_guides_97,CTGTATGAATGGCTCCACGA
human_rRNA_150_guides_98,TGCACGCGCGCTACACTGAC
human_rRNA_150_guides_99,TCGTCACTACCTCCCCGGGT
human_rRNA_150_guides_100,AGACAGCAGGACGGTGGCCA
human_rRNA_150_guides_101,GAGACGGGGGAGGAGGAGGA
human_rRNA_150_guides_102,TAATTAGATGACGAGGCATT
human_rRNA_150_guides_103,AGAAGCCCGGCTCGCTGGCG
human_rRNA_150_guides_104,CCCCGAGGGGCTCTCGCTTC
human_rRNA_150_guides_105,AAAAGCTCGTAGTTGGATCT
human_rRNA_150_guides_106,TCAGTGTTTTAATCTGACGC
human_rRNA_150_guides_107,TTAAGCATATTAGTCAGCGG
human_rRNA_150_guides_108,CGAAACCCCGACCCAGAAGC
human_rRNA_150_guides_109,GAGAACTTTGAAGGCCGAAG
human_rRNA_150_guides_110,TCACCTTCATTGCGCCACGG
human_rRNA_150_guides_111,CTGCGGTATCCAGGCGGCTC
human_rRNA_150_guides_112,GTGAACAGCCTCTGGCATGT
human_rRNA_150_guides_113,TCGTCCTGGGAAACGGGGCG
human_rRNA_150_guides_114,CATCGCGTCAACACCCGCCG
human_rRNA_150_guides_115,ACTGCGTGGCGGGGGTGCGT
human_rRNA_150_guides_116,CTGTCAATCCTGTCCGTGTC
human_rRNA_150_guides_117,GATCCATTGGAGGGCAAGTC
human_rRNA_150_guides_118,CTTGGCAAATGCTTTCGCTC
human_rRNA_150_guides_119,CCCGCCCAGGCGGAACGATA
human_rRNA_150_guides_120,ACGGTAACGCAGGTGTCCTA
human_rRNA_150_guides_121,ATGGAGTTTACCACCCGCTT
human_rRNA_150_guides_122,GATGGTGCAGCCGCTATTAA
human_rRNA_150_guides_123,TGAAGCCTAGGGCGCGGGCC
human_rRNA_150_guides_124,AGCAAGACGAGAAGACCCTA
human_rRNA_150_guides_125,AGGGCTATCGTAGTTTTCTG
human_rRNA_150_guides_126,GAGAAGGGTCGGGGCGGCAG
human_rRNA_150_guides_127,CGAATACAGACCGTGAAAGC
human_rRNA_150_guides_128,ACGGCTACCACATCCAAGGA
human_rRNA_150_guides_129,GAGGAGTTCAGTTATATGTT
human_rRNA_150_guides_130,CGTGCGTACTTAGACATGCA
human_rRNA_150_guides_131,ACGGGCGCTGACCCCCTTCG
human_rRNA_150_guides_132,GGAGGATTCAACCCGGCGGC
human_rRNA_150_guides_133,ATGGTTTGGCTAAGGTTGTC
human_rRNA_150_guides_134,GGGGAGGAGGGGTGGGAGAG
human_rRNA_150_guides_135,GCACGGTGAAGAGACATGAG
human_rRNA_150_guides_136,CGGCGACTCTGGACGCGAGC
human_rRNA_150_guides_137,ATGGGTCGTCGCCGCCACGG
human_rRNA_150_guides_138,AGAGTGGACGGGAGCGGCGG
human_rRNA_150_guides_139,CGAGCGCCGTTCCGAAGGGA
human_rRNA_150_guides_140,AGTTGGTGGAGCGATTTGTC
human_rRNA_150_guides_141,GGAAGCTGCCCGGCGGGTCA
human_rRNA_150_guides_142,GGTAAGCAGAACTGGCGCTG
human_rRNA_150_guides_143,ATAGGAAGAGCCGACATCGA
human_rRNA_150_guides_144,TTTGTTGGTTTTCGGAACTG
human_rRNA_150_guides_145,CGTACGGAAGACCCGCTCCC
human_rRNA_150_guides_146,AGAACCTCCCCCGGGCCCGA
human_rRNA_150_guides_147,CGCGCGACGAGACGTGGGGT
human_rRNA_150_guides_148,TTACCCGCGCCTGCCGGCGT
human_rRNA_150_guides_149,GAAACGGGGCGCGGCCGGAA
human_rRNA_150_guides_150,CTTCCCAGCCGTCCCGGAGC
