guide name,target sequence,rev comp target sequence,guide RNA,guide RNA template with T7 transcription site
tracrRNAtemplate,NA,NA,AAAAAGCACCGACTCGGTGCCACTTTTTCAAGTTGATAACGGACTAGCCTTATTTTAACTTGCTATGCTGTCCTATAGTGAGTCGTATTA
human_rRNA_150_guides_crRNA_1,GAGGCCTCTCCAGTCCGCCG,CGGCGGACTGGAGAGGCCTC,GAGGCCTCTCCAGTCCGCCGGTTTTAGAGCTATGCTGTTTTG,CAAAACAGCATAGCTCTAAAACCGGCGGACTGGAGAGGCCTCCTATAGTGAGTCGTATTA
human_rRNA_150_guides_crRNA_2,TCCGATAACGAACGAGACTC,GAGTCTCGTTCGTTATCGGA,TCCGATAACGAACGAGACTCGTTTTAGAGCTATGCTGTTTTG,CAAAACAGCATAGCTCTAAAACGAGTCTCGTTCGTTATCGGACTATAGTGAGTCGTATTA
human_rRNA_150_guides_crRNA_3,TTTTTCAAAGTAAACGCTTC,GAAGCGTTTACTTTGAAAAA,TTTTTCAAAGTAAACGCTTCGTTTTAGAGCTATGCTGTTTTG,CAAAACAGCATAGCTCTAAAACGAAGCGTTTACTTTGAAAAACTATAGTGAGTCGTATTA
human_rRNA_150_guides_crRNA_4,AGGCACTCGCATTCCACGCC,GGCGTGGAATGCGAGTGCCT,AGGCACTCGCATTCCACGCCGTTTTAGAGCTATGCTGTTTTG,CAAAACAGCATAGCTCTAAAACGGCGTGGAATGCGAGTGCCTCTATAGTGAGTCGTATTA
human_rRNA_150_guides_crRNA_5,TCCCCGATCCCCATCACGAA,TTCGTGATGGGGATCGGGGA,TCCCCGATCCCCATCACGAAGTTTTAGAGCTATGCTGTTTTG,CAAAACAGCATAGCTCTAAAACTTCGTGATGGGGATCGGGGACTATAGTGAGTCGTATTA
human_rRNA_150_guides_crRNA_6,GAATAACGCCGCCGCATCGC,GCGATGCGGCGGCGTTATTC,GAATAACGCCGCCGCATCGCGTTTTAGAGCTATGCTGTTTTG,CAAAACAGCATAGCTCTAAAACGCGATGCGGCGGCGTTATTCCTATAGTGAGTCGTATTA
human_rRNA_150_guides_crRNA_7,CACAGTTATCCAAGTAGGAG,CTCCTACTTGGATAACTGTG,CACAGTTATCCAAGTAGGAGGTTTTAGAGCTATGCTGTTTTG,CAAAACAGCATAGCTCTAAAACCTCCTACTTGGATAACTGTGCTATAGTGAGTCGTATTA
human_rRNA_150_guides_crRNA_8,GCCGCCGCAGGTGCAGATCT,AGATCTGCACCTGCGGCGGC,GCCGCCGCAGGTGCAGATCTGTTTTAGAGCTATGCTGTTTTG,CAAAACAGCATAGCTCTAAAACAGATCTGCACCTGCGGCGGCCTATAGTGAGTCGTATTA
human_rRNA_150_guides_crRNA_9,TAGAGGTGAAATTCTTGGAC,GTCCAAGAATTTCACCTCTA,TAGAGGTGAAATTCTTGGACGTTTTAGAGCTATGCTGTTTTG,CAAAACAGCATAGCTCTAAAACGTCCAAGAATTTCACCTCTACTATAGTGAGTCGTATTA
human_rRNA_150_guides_crRNA_10,GGCGCGGGACATGTGGCGTA,TACGCCACATGTCCCGCGCC,GGCGCGGGACATGTGGCGTAGTTTTAGAGCTATGCTGTTTTG,CAAAACAGCATAGCTCTAAAACTACGCCACATGTCCCGCGCCCTATAGTGAGTCGTATTA
human_rRNA_150_guides_crRNA_11,TCAGGGCTAGTTGATTCGGC,GCCGAATCAACTAGCCCTGA,TCAGGGCTAGTTGATTCGGCGTTTTAGAGCTATGCTGTTTTG,CAAAACAGCATAGCTCTAAAACGCCGAATCAACTAGCCCTGACTATAGTGAGTCGTATTA
human_rRNA_150_guides_crRNA_12,GAAGTTTCCCTCAGGATAGC,GCTATCCTGAGGGAAACTTC,GAAGTTTCCCTCAGGATAGCGTTTTAGAGCTATGCTGTTTTG,CAAAACAGCATAGCTCTAAAACGCTATCCTGAGGGAAACTTCCTATAGTGAGTCGTATTA
human_rRNA_150_guides_crRNA_13,GTGCGGAGTGCCCTTCGTCC,GGACGAAGGGCACTCCGCAC,GTGCGGAGTGCCCTTCGTCCGTTTTAGAGCTATGCTGTTTTG,CAAAACAGCATAGCTCTAAAACGGACGAAGGGCACTCCGCACCTATAGTGAGTCGTATTA
human_rRNA_150_guides_crRNA_14,TTAATATACGCTATTGGAGC,GCTCCAATAGCGTATATTAA,TTAATATACGCTATTGGAGCGTTTTAGAGCTATGCTGTTTTG,CAAAACAGCATAGCTCTAAAACGCTCCAATAGCGTATATTAACTATAGTGAGTCGTATTA
human_rRNA_150_guides_crRNA_15,ATTCCCAAGCAACCCGACTC,GAGTCGGGTTGCTTGGGAAT,ATTCCCAAGCAACCCGACTCGTTTTAGAGCTATGCTGTTTTG,CAAAACAGCATAGCTCTAAAACGAGTCGGGTTGCTTGGGAATCTATAGTGAGTCGTATTA
human_rRNA_150_guides_crRNA_16,TTTCGATCGGCCGAGGGCAA,TTGCCCTCGGCCGATCGAAA,TTTCGATCGGCCGAGGGCAAGTTTTAGAGCTATGCTGTTTTG,CAAAACAGCATAGCTCTAAAACTTGCCCTCGGCCGATCGAAACTATAGTGAGTCGTATTA
human_rRNA_150_guides_crRNA_17,AGACATTTGGTGTATGTGCT,AGCACATACACCAAATGTCT,AGACATTTGGTGTATGTGCTGTTTTAGAGCTATGCTGTTTTG,CAAAACAGCATAGCTCTAAAACAGCACATACACCAAATGTCTCTATAGTGAGTCGTATTA
human_rRNA_150_guides_crRNA_18,TCTAGAGTCACCAAAGCCGC,GCGGCTTTGGTGACTCTAGA,TCTAGAGTCACCAAAGCCGCGTTTTAGAGCTATGCTGTTTTG,CAAAACAGCATAGCTCTAAAACGCGGCTTTGGTGACTCTAGACTATAGTGAGTCGTATTA
human_rRNA_150_guides_crRNA_19,TGGATAGTAGGTAGGGACAG,CTGTCCCTACCTACTATCCA,TGGATAGTAGGTAGGGACAGGTTTTAGAGCTATGCTGTTTTG,CAAAACAGCATAGCTCTAAAACCTGTCCCTACCTACTATCCACTATAGTGAGTCGTATTA
human_rRNA_150_guides_crRNA_20,TCAGGGTTCGATTCCGGAGA,TCTCCGGAATCGAACCCTGA,TCAGGGTTCGATTCCGGAGAGTTTTAGAGCTATGCTGTTTTG,CAAAACAGCATAGCTCTAAAACTCTCCGGAATCGAACCCTGACTATAGTGAGTCGTATTA
human_rRNA_150_guides_crRNA_21,GAGATTTACACCCTCTCCCC,GGGGAGAGGGTGTAAATCTC,GAGATTTACACCCTCTCCCCGTTTTAGAGCTATGCTGTTTTG,CAAAACAGCATAGCTCTAAAACGGGGAGAGGGTGTAAATCTCCTATAGTGAGTCGTATTA
human_rRNA_150_guides_crRNA_22,ACCTCCACCAGAGTTTCCTC,GAGGAAACTCTGGTGGAGGT,ACCTCCACCAGAGTTTCCTCGTTTTAGAGCTATGCTGTTTTG,CAAAACAGCATAGCTCTAAAACGAGGAAACTCTGGTGGAGGTCTATAGTGAGTCGTATTA
human_rRNA_150_guides_crRNA_23,TGTTATTGCTCAATCTCGGG,CCCGAGATTGAGCAATAACA,TGTTATTGCTCAATCTCGGGGTTTTAGAGCTATGCTGTTTTG,CAAAACAGCATAGCTCTAAAACCCCGAGATTGAGCAATAACACTATAGTGAGTCGTATTA
human_rRNA_150_guides_crRNA_24,TGACCTTTTGGGTTTTAAGC,GCTTAAAACCCAAAAGGTCA,TGACCTTTTGGGTTTTAAGCGTTTTAGAGCTATGCTGTTTTG,CAAAACAGCATAGCTCTAAAACGCTTAAAACCCAAAAGGTCACTATAGTGAGTCGTATTA
human_rRNA_150_guides_crRNA_25,GTATTTCACCGGCGGCCCGC,GCGGGCCGCCGGTGAAATAC,GTATTTCACCGGCGGCCCGCGTTTTAGAGCTATGCTGTTTTG,CAAAACAGCATAGCTCTAAAACGCGGGCCGCCGGTGAAATACCTATAGTGAGTCGTATTA
human_rRNA_150_guides_crRNA_26,CTCTTTCGAGGCCCTGTAAT,ATTACAGGGCCTCGAAAGAG,CTCTTTCGAGGCCCTGTAATGTTTTAGAGCTATGCTGTTTTG,CAAAACAGCATAGCTCTAAAACATTACAGGGCCTCGAAAGAGCTATAGTGAGTCGTATTA
human_rRNA_150_guides_crRNA_27,TGGTGTGCGTCGGAGGGCGG,CCGCCCTCCGACGCACACCA,TGGTGTGCGTCGGAGGGCGGGTTTTAGAGCTATGCTGTTTTG,CAAAACAGCATAGCTCTAAAACCCGCCCTCCGACGCACACCACTATAGTGAGTCGTATTA
human_rRNA_150_guides_crRNA_28,CGGCTATCCGAGGCCAACCG,CGGTTGGCCTCGGATAGCCG,CGGCTATCCGAGGCCAACCGGTTTTAGAGCTATGCTGTTTTG,CAAAACAGCATAGCTCTAAAACCGGTTGGCCTCGGATAGCCGCTATAGTGAGTCGTATTA
human_rRNA_150_guides_crRNA_29,GTTTAGTGAGGCCCTCGGAT,ATCCGAGGGCCTCACTAAAC,GTTTAGTGAGGCCCTCGGATGTTTTAGAGCTATGCTGTTTTG,CAAAACAGCATAGCTCTAAAACATCCGAGGGCCTCACTAAACCTATAGTGAGTCGTATTA
human_rRNA_150_guides_crRNA_30,CCTGGCACTGTCCCCGGAGC,GCTCCGGGGACAGTGCCAGG,CCTGGCACTGTCCCCGGAGCGTTTTAGAGCTATGCTGTTTTG,CAAAACAGCATAGCTCTAAAACGCTCCGGGGACAGTGCCAGGCTATAGTGAGTCGTATTA
human_rRNA_150_guides_crRNA_31,TGAAGAAATTCAATGAAGCG,CGCTTCATTGAATTTCTTCA,TGAAGAAATTCAATGAAGCGGTTTTAGAGCTATGCTGTTTTG,CAAAACAGCATAGCTCTAAAACCGCTTCATTGAATTTCTTCACTATAGTGAGTCGTATTA
human_rRNA_150_guides_crRNA_32,GAGTTCTCTTTTCTTTGTGA,TCACAAAGAAAAGAGAACTC,GAGTTCTCTTTTCTTTGTGAGTTTTAGAGCTATGCTGTTTTG,CAAAACAGCATAGCTCTAAAACTCACAAAGAAAAGAGAACTCCTATAGTGAGTCGTATTA
human_rRNA_150_guides_crRNA_33,GGATTGTTCACCCACTAATA,TATTAGTGGGTGAACAATCC,GGATTGTTCACCCACTAATAGTTTTAGAGCTATGCTGTTTTG,CAAAACAGCATAGCTCTAAAACTATTAGTGGGTGAACAATCCCTATAGTGAGTCGTATTA
human_rRNA_150_guides_crRNA_34,CAAGCCGGATCCGTAACTTC,GAAGTTACGGATCCGGCTTG,CAAGCCGGATCCGTAACTTCGTTTTAGAGCTATGCTGTTTTG,CAAAACAGCATAGCTCTAAAACGAAGTTACGGATCCGGCTTGCTATAGTGAGTCGTATTA
human_rRNA_150_guides_crRNA_35,AATCCTCCGGGCGGACTGCG,CGCAGTCCGCCCGGAGGATT,AATCCTCCGGGCGGACTGCGGTTTTAGAGCTATGCTGTTTTG,CAAAACAGCATAGCTCTAAAACCGCAGTCCGCCCGGAGGATTCTATAGTGAGTCGTATTA
human_rRNA_150_guides_crRNA_36,CGGCATCGGGCGCCTTAACC,GGTTAAGGCGCCCGATGCCG,CGGCATCGGGCGCCTTAACCGTTTTAGAGCTATGCTGTTTTG,CAAAACAGCATAGCTCTAAAACGGTTAAGGCGCCCGATGCCGCTATAGTGAGTCGTATTA
human_rRNA_150_guides_crRNA_37,GGTTCTATTTTGTTGGTTTT,AAAACCAACAAAATAGAACC,GGTTCTATTTTGTTGGTTTTGTTTTAGAGCTATGCTGTTTTG,CAAAACAGCATAGCTCTAAAACAAAACCAACAAAATAGAACCCTATAGTGAGTCGTATTA
human_rRNA_150_guides_crRNA_38,TTTCTCGATTCCGTGGGTGG,CCACCCACGGAATCGAGAAA,TTTCTCGATTCCGTGGGTGGGTTTTAGAGCTATGCTGTTTTG,CAAAACAGCATAGCTCTAAAACCCACCCACGGAATCGAGAAACTATAGTGAGTCGTATTA
human_rRNA_150_guides_crRNA_39,GAGAGGCAAGGGGCGGGGAC,GTCCCCGCCCCTTGCCTCTC,GAGAGGCAAGGGGCGGGGACGTTTTAGAGCTATGCTGTTTTG,CAAAACAGCATAGCTCTAAAACGTCCCCGCCCCTTGCCTCTCCTATAGTGAGTCGTATTA
human_rRNA_150_guides_crRNA_40,TGTTGAGCTTGACTCTAGTC,GACTAGAGTCAAGCTCAACA,TGTTGAGCTTGACTCTAGTCGTTTTAGAGCTATGCTGTTTTG,CAAAACAGCATAGCTCTAAAACGACTAGAGTCAAGCTCAACACTATAGTGAGTCGTATTA
human_rRNA_150_guides_crRNA_41,TCGGCGAGTGCTGCTGCCGG,CCGGCAGCAGCACTCGCCGA,TCGGCGAGTGCTGCTGCCGGGTTTTAGAGCTATGCTGTTTTG,CAAAACAGCATAGCTCTAAAACCCGGCAGCAGCACTCGCCGACTATAGTGAGTCGTATTA
human_rRNA_150_guides_crRNA_42,ATGTTCAACTGCTGTTCACA,TGTGAACAGCAGTTGAACAT,ATGTTCAACTGCTGTTCACAGTTTTAGAGCTATGCTGTTTTG,CAAAACAGCATAGCTCTAAAACTGTGAACAGCAGTTGAACATCTATAGTGAGTCGTATTA
human_rRNA_150_guides_crRNA_43,CGTCACGCACCGCACGTTCG,CGAACGTGCGGTGCGTGACG,CGTCACGCACCGCACGTTCGGTTTTAGAGCTATGCTGTTTTG,CAAAACAGCATAGCTCTAAAACCGAACGTGCGGTGCGTGACGCTATAGTGAGTCGTATTA
human_rRNA_150_guides_crRNA_44,TCGTCGCGGCGTAGCGTCCG,CGGACGCTACGCCGCGACGA,TCGTCGCGGCGTAGCGTCCGGTTTTAGAGCTATGCTGTTTTG,CAAAACAGCATAGCTCTAAAACCGGACGCTACGCCGCGACGACTATAGTGAGTCGTATTA
human_rRNA_150_guides_crRNA_45,GACTGTCCCCAGTGCGCCCC,GGGGCGCACTGGGGACAGTC,GACTGTCCCCAGTGCGCCCCGTTTTAGAGCTATGCTGTTTTG,CAAAACAGCATAGCTCTAAAACGGGGCGCACTGGGGACAGTCCTATAGTGAGTCGTATTA
human_rRNA_150_guides_crRNA_46,AGAATAGGTTGAGATCGTTT,AAACGATCTCAACCTATTCT,AGAATAGGTTGAGATCGTTTGTTTTAGAGCTATGCTGTTTTG,CAAAACAGCATAGCTCTAAAACAAACGATCTCAACCTATTCTCTATAGTGAGTCGTATTA
human_rRNA_150_guides_crRNA_47,GAGGAGGACGGACGGACGGA,TCCGTCCGTCCGTCCTCCTC,GAGGAGGACGGACGGACGGAGTTTTAGAGCTATGCTGTTTTG,CAAAACAGCATAGCTCTAAAACTCCGTCCGTCCGTCCTCCTCCTATAGTGAGTCGTATTA
human_rRNA_150_guides_crRNA_48,TTCTTTTCAACTTTCCCTTA,TAAGGGAAAGTTGAAAAGAA,TTCTTTTCAACTTTCCCTTAGTTTTAGAGCTATGCTGTTTTG,CAAAACAGCATAGCTCTAAAACTAAGGGAAAGTTGAAAAGAACTATAGTGAGTCGTATTA
human_rRNA_150_guides_crRNA_49,GAAACCTCCCGTGGAGCAGA,TCTGCTCCACGGGAGGTTTC,GAAACCTCCCGTGGAGCAGAGTTTTAGAGCTATGCTGTTTTG,CAAAACAGCATAGCTCTAAAACTCTGCTCCACGGGAGGTTTCCTATAGTGAGTCGTATTA
human_rRNA_150_guides_crRNA_50,GGTACTATATCTATTGCGCC,GGCGCAATAGATATAGTACC,GGTACTATATCTATTGCGCCGTTTTAGAGCTATGCTGTTTTG,CAAAACAGCATAGCTCTAAAACGGCGCAATAGATATAGTACCCTATAGTGAGTCGTATTA
human_rRNA_150_guides_crRNA_51,CTGTTCACTCGCCGTTACTG,CAGTAACGGCGAGTGAACAG,CTGTTCACTCGCCGTTACTGGTTTTAGAGCTATGCTGTTTTG,CAAAACAGCATAGCTCTAAAACCAGTAACGGCGAGTGAACAGCTATAGTGAGTCGTATTA
human_rRNA_150_guides_crRNA_52,CATTAATCAAGAACGAAAGT,ACTTTCGTTCTTGATTAATG,CATTAATCAAGAACGAAAGTGTTTTAGAGCTATGCTGTTTTG,CAAAACAGCATAGCTCTAAAACACTTTCGTTCTTGATTAATGCTATAGTGAGTCGTATTA
human_rRNA_150_guides_crRNA_53,ACTAACATTAGTTCTTCTAT,ATAGAAGAACTAATGTTAGT,ACTAACATTAGTTCTTCTATGTTTTAGAGCTATGCTGTTTTG,CAAAACAGCATAGCTCTAAAACATAGAAGAACTAATGTTAGTCTATAGTGAGTCGTATTA
human_rRNA_150_guides_crRNA_54,TACGCCGGCTTCTATTGACT,AGTCAATAGAAGCCGGCGTA,TACGCCGGCTTCTATTGACTGTTTTAGAGCTATGCTGTTTTG,CAAAACAGCATAGCTCTAAAACAGTCAATAGAAGCCGGCGTACTATAGTGAGTCGTATTA
human_rRNA_150_guides_crRNA_55,GAGGGTGAACTCACTGGAAC,GTTCCAGTGAGTTCACCCTC,GAGGGTGAACTCACTGGAACGTTTTAGAGCTATGCTGTTTTG,CAAAACAGCATAGCTCTAAAACGTTCCAGTGAGTTCACCCTCCTATAGTGAGTCGTATTA
human_rRNA_150_guides_crRNA_56,CTTTGCAACCATACTCCCCC,GGGGGAGTATGGTTGCAAAG,CTTTGCAACCATACTCCCCCGTTTTAGAGCTATGCTGTTTTG,CAAAACAGCATAGCTCTAAAACGGGGGAGTATGGTTGCAAAGCTATAGTGAGTCGTATTA
human_rRNA_150_guides_crRNA_57,AGAGCGGTCGCGCCGTGGGA,TCCCACGGCGCGACCGCTCT,AGAGCGGTCGCGCCGTGGGAGTTTTAGAGCTATGCTGTTTTG,CAAAACAGCATAGCTCTAAAACTCCCACGGCGCGACCGCTCTCTATAGTGAGTCGTATTA
human_rRNA_150_guides_crRNA_58,CCTAGCAGCCGACTTAGAAC,GTTCTAAGTCGGCTGCTAGG,CCTAGCAGCCGACTTAGAACGTTTTAGAGCTATGCTGTTTTG,CAAAACAGCATAGCTCTAAAACGTTCTAAGTCGGCTGCTAGGCTATAGTGAGTCGTATTA
human_rRNA_150_guides_crRNA_59,TAACTAGAAATAACTTTGCA,TGCAAAGTTATTTCTAGTTA,TAACTAGAAATAACTTTGCAGTTTTAGAGCTATGCTGTTTTG,CAAAACAGCATAGCTCTAAAACTGCAAAGTTATTTCTAGTTACTATAGTGAGTCGTATTA
human_rRNA_150_guides_crRNA_60,AAAAATTTAACACCCATAGT,ACTATGGGTGTTAAATTTTT,AAAAATTTAACACCCATAGTGTTTTAGAGCTATGCTGTTTTG,CAAAACAGCATAGCTCTAAAACACTATGGGTGTTAAATTTTTCTATAGTGAGTCGTATTA
human_rRNA_150_guides_crRNA_61,CTTATGAGCATGCCTGTGTT,AACACAGGCATGCTCATAAG,CTTATGAGCATGCCTGTGTTGTTTTAGAGCTATGCTGTTTTG,CAAAACAGCATAGCTCTAAAACAACACAGGCATGCTCATAAGCTATAGTGAGTCGTATTA
human_rRNA_150_guides_crRNA_62,CAAATTCCTCCCTGTACGAA,TTCGTACAGGGAGGAATTTG,CAAATTCCTCCCTGTACGAAGTTTTAGAGCTATGCTGTTTTG,CAAAACAGCATAGCTCTAAAACTTCGTACAGGGAGGAATTTGCTATAGTGAGTCGTATTA
human_rRNA_150_guides_crRNA_63,CTAACACGTGCGCGAGTCGG,CCGACTCGCGCACGTGTTAG,CTAACACGTGCGCGAGTCGGGTTTTAGAGCTATGCTGTTTTG,CAAAACAGCATAGCTCTAAAACCCGACTCGCGCACGTGTTAGCTATAGTGAGTCGTATTA
human_rRNA_150_guides_crRNA_64,GGCGACGGGTCTCGCTCCCT,AGGGAGCGAGACCCGTCGCC,GGCGACGGGTCTCGCTCCCTGTTTTAGAGCTATGCTGTTTTG,CAAAACAGCATAGCTCTAAAACAGGGAGCGAGACCCGTCGCCCTATAGTGAGTCGTATTA
human_rRNA_150_guides_crRNA_65,TTAGGACCTGTGGGTTTGTT,AACAAACCCACAGGTCCTAA,TTAGGACCTGTGGGTTTGTTGTTTTAGAGCTATGCTGTTTTG,CAAAACAGCATAGCTCTAAAACAACAAACCCACAGGTCCTAACTATAGTGAGTCGTATTA
human_rRNA_150_guides_crRNA_66,AGGGCTGGGTCGGTCGGGCT,AGCCCGACCGACCCAGCCCT,AGGGCTGGGTCGGTCGGGCTGTTTTAGAGCTATGCTGTTTTG,CAAAACAGCATAGCTCTAAAACAGCCCGACCGACCCAGCCCTCTATAGTGAGTCGTATTA
human_rRNA_150_guides_crRNA_67,TGAAACTTAAGGGTCGAAGG,CCTTCGACCCTTAAGTTTCA,TGAAACTTAAGGGTCGAAGGGTTTTAGAGCTATGCTGTTTTG,CAAAACAGCATAGCTCTAAAACCCTTCGACCCTTAAGTTTCACTATAGTGAGTCGTATTA
human_rRNA_150_guides_crRNA_68,GCGACGTCGCTATGAACGCT,AGCGTTCATAGCGACGTCGC,GCGACGTCGCTATGAACGCTGTTTTAGAGCTATGCTGTTTTG,CAAAACAGCATAGCTCTAAAACAGCGTTCATAGCGACGTCGCCTATAGTGAGTCGTATTA
human_rRNA_150_guides_crRNA_69,CGCGGTGGAAATGCGCCCGG,CCGGGCGCATTTCCACCGCG,CGCGGTGGAAATGCGCCCGGGTTTTAGAGCTATGCTGTTTTG,CAAAACAGCATAGCTCTAAAACCCGGGCGCATTTCCACCGCGCTATAGTGAGTCGTATTA
human_rRNA_150_guides_crRNA_70,TTAATCACTGCTGTTTCCCG,CGGGAAACAGCAGTGATTAA,TTAATCACTGCTGTTTCCCGGTTTTAGAGCTATGCTGTTTTG,CAAAACAGCATAGCTCTAAAACCGGGAAACAGCAGTGATTAACTATAGTGAGTCGTATTA
human_rRNA_150_guides_crRNA_71,CGTAAACCCTATTGTTGATA,TATCAACAATAGGGTTTACG,CGTAAACCCTATTGTTGATAGTTTTAGAGCTATGCTGTTTTG,CAAAACAGCATAGCTCTAAAACTATCAACAATAGGGTTTACGCTATAGTGAGTCGTATTA
human_rRNA_150_guides_crRNA_72,CGGAGAGGGGCTGACCGGGT,ACCCGGTCAGCCCCTCTCCG,CGGAGAGGGGCTGACCGGGTGTTTTAGAGCTATGCTGTTTTG,CAAAACAGCATAGCTCTAAAACACCCGGTCAGCCCCTCTCCGCTATAGTGAGTCGTATTA
human_rRNA_150_guides_crRNA_73,GTAGTCTATTTTGTGTCAAC,GTTGACACAAAATAGACTAC,GTAGTCTATTTTGTGTCAACGTTTTAGAGCTATGCTGTTTTG,CAAAACAGCATAGCTCTAAAACGTTGACACAAAATAGACTACCTATAGTGAGTCGTATTA
human_rRNA_150_guides_crRNA_74,TTACCGCACTGGACGCCTCG,CGAGGCGTCCAGTGCGGTAA,TTACCGCACTGGACGCCTCGGTTTTAGAGCTATGCTGTTTTG,CAAAACAGCATAGCTCTAAAACCGAGGCGTCCAGTGCGGTAACTATAGTGAGTCGTATTA
human_rRNA_150_guides_crRNA_75,TTAAACATGTGTCACTGGGC,GCCCAGTGACACATGTTTAA,TTAAACATGTGTCACTGGGCGTTTTAGAGCTATGCTGTTTTG,CAAAACAGCATAGCTCTAAAACGCCCAGTGACACATGTTTAACTATAGTGAGTCGTATTA
human_rRNA_150_guides_crRNA_76,GGCGACAAACCTACCGAGCC,GGCTCGGTAGGTTTGTCGCC,GGCGACAAACCTACCGAGCCGTTTTAGAGCTATGCTGTTTTG,CAAAACAGCATAGCTCTAAAACGGCTCGGTAGGTTTGTCGCCCTATAGTGAGTCGTATTA
human_rRNA_150_guides_crRNA_77,CGGTACAGTGAAACTGCGAA,TTCGCAGTTTCACTGTACCG,CGGTACAGTGAAACTGCGAAGTTTTAGAGCTATGCTGTTTTG,CAAAACAGCATAGCTCTAAAACTTCGCAGTTTCACTGTACCGCTATAGTGAGTCGTATTA
human_rRNA_150_guides_crRNA_78,AGCTTATGACCCGCACTTAC,GTAAGTGCGGGTCATAAGCT,AGCTTATGACCCGCACTTACGTTTTAGAGCTATGCTGTTTTG,CAAAACAGCATAGCTCTAAAACGTAAGTGCGGGTCATAAGCTCTATAGTGAGTCGTATTA
human_rRNA_150_guides_crRNA_79,GACTACCATCGAAAGTTGAT,ATCAACTTTCGATGGTAGTC,GACTACCATCGAAAGTTGATGTTTTAGAGCTATGCTGTTTTG,CAAAACAGCATAGCTCTAAAACATCAACTTTCGATGGTAGTCCTATAGTGAGTCGTATTA
human_rRNA_150_guides_crRNA_80,TTCAGTCATAATCCCACAGA,TCTGTGGGATTATGACTGAA,TTCAGTCATAATCCCACAGAGTTTTAGAGCTATGCTGTTTTG,CAAAACAGCATAGCTCTAAAACTCTGTGGGATTATGACTGAACTATAGTGAGTCGTATTA
human_rRNA_150_guides_crRNA_81,CTCCGCCGTCCCCCTCTTCG,CGAAGAGGGGGACGGCGGAG,CTCCGCCGTCCCCCTCTTCGGTTTTAGAGCTATGCTGTTTTG,CAAAACAGCATAGCTCTAAAACCGAAGAGGGGGACGGCGGAGCTATAGTGAGTCGTATTA
human_rRNA_150_guides_crRNA_82,GCCTCACACCGTCCACGGGC,GCCCGTGGACGGTGTGAGGC,GCCTCACACCGTCCACGGGCGTTTTAGAGCTATGCTGTTTTG,CAAAACAGCATAGCTCTAAAACGCCCGTGGACGGTGTGAGGCCTATAGTGAGTCGTATTA
human_rRNA_150_guides_crRNA_83,GTATAGTAGTTCGCTTTGAC,GTCAAAGCGAACTACTATAC,GTATAGTAGTTCGCTTTGACGTTTTAGAGCTATGCTGTTTTG,CAAAACAGCATAGCTCTAAAACGTCAAAGCGAACTACTATACCTATAGTGAGTCGTATTA
human_rRNA_150_guides_crRNA_84,CCGTCGCCGGCAGTCGAGAG,CTCTCGACTGCCGGCGACGG,CCGTCGCCGGCAGTCGAGAGGTTTTAGAGCTATGCTGTTTTG,CAAAACAGCATAGCTCTAAAACCTCTCGACTGCCGGCGACGGCTATAGTGAGTCGTATTA
human_rRNA_150_guides_crRNA_85,GAGAGCTCACCGGACGCCGC,GCGGCGTCCGGTGAGCTCTC,GAGAGCTCACCGGACGCCGCGTTTTAGAGCTATGCTGTTTTG,CAAAACAGCATAGCTCTAAAACGCGGCGTCCGGTGAGCTCTCCTATAGTGAGTCGTATTA
human_rRNA_150_guides_crRNA_86,GGGGCTGTAACACTCGGGGG,CCCCCGAGTGTTACAGCCCC,GGGGCTGTAACACTCGGGGGGTTTTAGAGCTATGCTGTTTTG,CAAAACAGCATAGCTCTAAAACCCCCCGAGTGTTACAGCCCCCTATAGTGAGTCGTATTA
human_rRNA_150_guides_crRNA_87,GCGCTCGTGCTCCACCTCCC,GGGAGGTGGAGCACGAGCGC,GCGCTCGTGCTCCACCTCCCGTTTTAGAGCTATGCTGTTTTG,CAAAACAGCATAGCTCTAAAACGGGAGGTGGAGCACGAGCGCCTATAGTGAGTCGTATTA
human_rRNA_150_guides_crRNA_88,GTGGATCGCCCCAGCTGCGG,CCGCAGCTGGGGCGATCCAC,GTGGATCGCCCCAGCTGCGGGTTTTAGAGCTATGCTGTTTTG,CAAAACAGCATAGCTCTAAAACCCGCAGCTGGGGCGATCCACCTATAGTGAGTCGTATTA
human_rRNA_150_guides_crRNA_89,AGTCTTTCGCCCCTATACCC,GGGTATAGGGGCGAAAGACT,AGTCTTTCGCCCCTATACCCGTTTTAGAGCTATGCTGTTTTG,CAAAACAGCATAGCTCTAAAACGGGTATAGGGGCGAAAGACTCTATAGTGAGTCGTATTA
human_rRNA_150_guides_crRNA_90,TAGAATAAGTGGGAGGCCCC,GGGGCCTCCCACTTATTCTA,TAGAATAAGTGGGAGGCCCCGTTTTAGAGCTATGCTGTTTTG,CAAAACAGCATAGCTCTAAAACGGGGCCTCCCACTTATTCTACTATAGTGAGTCGTATTA
human_rRNA_150_guides_crRNA_91,CGTCTTCTCAGCGCTCCGCC,GGCGGAGCGCTGAGAAGACG,CGTCTTCTCAGCGCTCCGCCGTTTTAGAGCTATGCTGTTTTG,CAAAACAGCATAGCTCTAAAACGGCGGAGCGCTGAGAAGACGCTATAGTGAGTCGTATTA
human_rRNA_150_guides_crRNA_92,GGAGGGGTCGGGAGGAACGG,CCGTTCCTCCCGACCCCTCC,GGAGGGGTCGGGAGGAACGGGTTTTAGAGCTATGCTGTTTTG,CAAAACAGCATAGCTCTAAAACCCGTTCCTCCCGACCCCTCCCTATAGTGAGTCGTATTA
human_rRNA_150_guides_crRNA_93,AAATTTACAAGGGGATTTAG,CTAAATCCCCTTGTAAATTT,AAATTTACAAGGGGATTTAGGTTTTAGAGCTATGCTGTTTTG,CAAAACAGCATAGCTCTAAAACCTAAATCCCCTTGTAAATTTCTATAGTGAGTCGTATTA
human_rRNA_150_guides_crRNA_94,CGTACTGAGCAGGATTACCA,TGGTAATCCTGCTCAGTACG,CGTACTGAGCAGGATTACCAGTTTTAGAGCTATGCTGTTTTG,CAAAACAGCATAGCTCTAAAACTGGTAATCCTGCTCAGTACGCTATAGTGAGTCGTATTA
human_rRNA_150_guides_crRNA_95,GGGAGGAGGGGAGGAGGCGT,ACGCCTCCTCCCCTCCTCCC,GGGAGGAGGGGAGGAGGCGTGTTTTAGAGCTATGCTGTTTTG,CAAAACAGCATAGCTCTAAAACACGCCTCCTCCCCTCCTCCCCTATAGTGAGTCGTATTA
human_rRNA_150_guides_crRNA_96,GTTGGGGGACGCCGACCGCT,AGCGGTCGGCGTCCCCCAAC,GTTGGGGGACGCCGACCGCTGTTTTAGAGCTATGCTGTTTTG,CAAAACAGCATAGCTCTAAAACAGCGGTCGGCGTCCCCCAACCTATAGTGAGTCGTATTA
human_rRNA_150_guides_crRNA_97,CTGTATGAATGGCTCCACGA,TCGTGGAGCCATTCATACAG,CTGTATGAATGGCTCCACGAGTTTTAGAGCTATGCTGTTTTG,CAAAACAGCATAGCTCTAAAACTCGTGGAGCCATTCATACAGCTATAGTGAGTCGTATTA
human_rRNA_150_guides_crRNA_98,TGCACGCGCGCTACACTGAC,GTCAGTGTAGCGCGCGTGCA,TGCACGCGCGCTACACTGACGTTTTAGAGCTATGCTGTTTTG,CAAAACAGCATAGCTCTAAAACGTCAGTGTAGCGCGCGTGCACTATAGTGAGTCGTATTA
human_rRNA_150_guides_crRNA_99,TCGTCACTACCTCCCCGGGT,ACCCGGGGAGGTAGTGACGA,TCGTCACTACCTCCCCGGGTGTTTTAGAGCTATGCTGTTTTG,CAAAACAGCATAGCTCTAAAACACCCGGGGAGGTAGTGACGACTATAGTGAGTCGTATTA
human_rRNA_150_guides_crRNA_100,AGACAGCAGGACGGTGGCCA,TGGCCACCGTCCTGCTGTCT,AGACAGCAGGACGGTGGCCAGTTTTAGAGCTATGCTGTTTTG,CAAAACAGCATAGCTCTAAAACTGGCCACCGTCCTGCTGTCTCTATAGTGAGTCGTATTA
human_rRNA_150_guides_crRNA_101,GAGACGGGGGAGGAGGAGGA,TCCTCCTCCTCCCCCGTCTC,GAGACGGGGGAGGAGGAGGAGTTTTAGAGCTATGCTGTTTTG,CAAAACAGCATAGCTCTAAAACTCCTCCTCCTCCCCCGTCTCCTATAGTGAGTCGTATTA
human_rRNA_150_guides_crRNA_102,TAATTAGATGACGAGGCATT,AATGCCTCGTCATCTAATTA,TAATTAGATGACGAGGCATTGTTTTAGAGCTATGCTGTTTTG,CAAAACAGCATAGCTCTAAAACAATGCCTCGTCATCTAATTACTATAGTGAGTCGTATTA
human_rRNA_150_guides_crRNA_103,AGAAGCCCGGCTCGCTGGCG,CGCCAGCGAGCCGGGCTTCT,AGAAGCCCGGCTCGCTGGCGGTTTTAGAGCTATGCTGTTTTG,CAAAACAGCATAGCTCTAAAACCGCCAGCGAGCCGGGCTTCTCTATAGTGAGTCGTATTA
human_rRNA_150_guides_crRNA_104,CCCCGAGGGGCTCTCGCTTC,GAAGCGAGAGCCCCTCGGGG,CCCCGAGGGGCTCTCGCTTCGTTTTAGAGCTATGCTGTTTTG,CAAAACAGCATAGCTCTAAAACGAAGCGAGAGCCCCTCGGGGCTATAGTGAGTCGTATTA
human_rRNA_150_guides_crRNA_105,AAAAGCTCGTAGTTGGATCT,AGATCCAACTACGAGCTTTT,AAAAGCTCGTAGTTGGATCTGTTTTAGAGCTATGCTGTTTTG,CAAAACAGCATAGCTCTAAAACAGATCCAACTACGAGCTTTTCTATAGTGAGTCGTATTA
human_rRNA_150_guides_crRNA_106,TCAGTGTTTTAATCTGACGC,GCGTCAGATTAAAACACTGA,TCAGTGTTTTAATCTGACGCGTTTTAGAGCTATGCTGTTTTG,CAAAACAGCATAGCTCTAAAACGCGTCAGATTAAAACACTGACTATAGTGAGTCGTATTA
human_rRNA_150_guides_crRNA_107,TTAAGCATATTAGTCAGCGG,CCGCTGACTAATATGCTTAA,TTAAGCATATTAGTCAGCGGGTTTTAGAGCTATGCTGTTTTG,CAAAACAGCATAGCTCTAAAACCCGCTGACTAATATGCTTAACTATAGTGAGTCGTATTA
human_rRNA_150_guides_crRNA_108,CGAAACCCCGACCCAGAAGC,GCTTCTGGGTCGGGGTTTCG,CGAAACCCCGACCCAGAAGCGTTTTAGAGCTATGCTGTTTTG,CAAAACAGCATAGCTCTAAAACGCTTCTGGGTCGGGGTTTCGCTATAGTGAGTCGTATTA
human_rRNA_150_guides_crRNA_109,GAGAACTTTGAAGGCCGAAG,CTTCGGCCTTCAAAGTTCTC,GAGAACTTTGAAGGCCGAAGGTTTTAGAGCTATGCTGTTTTG,CAAAACAGCATAGCTCTAAAACCTTCGGCCTTCAAAGTTCTCCTATAGTGAGTCGTATTA
human_rRNA_150_guides_crRNA_110,TCACCTTCATTGCGCCACGG,CCGTGGCGCAATGAAGGTGA,TCACCTTCATTGCGCCACGGGTTTTAGAGCTATGCTGTTTTG,CAAAACAGCATAGCTCTAAAACCCGTGGCGCAATGAAGGTGACTATAGTGAGTCGTATTA
human_rRNA_150_guides_crRNA_111,CTGCGGTATCCAGGCGGCTC,GAGCCGCCTGGATACCGCAG,CTGCGGTATCCAGGCGGCTCGTTTTAGAGCTATGCTGTTTTG,CAAAACAGCATAGCTCTAAAACGAGCCGCCTGGATACCGCAGCTATAGTGAGTCGTATTA
human_rRNA_150_guides_crRNA_112,GTGAACAGCCTCTGGCATGT,ACATGCCAGAGGCTGTTCAC,GTGAACAGCCTCTGGCATGTGTTTTAGAGCTATGCTGTTTTG,CAAAACAGCATAGCTCTAAAACACATGCCAGAGGCTGTTCACCTATAGTGAGTCGTATTA
human_rRNA_150_guides_crRNA_113,TCGTCCTGGGAAACGGGGCG,CGCCCCGTTTCCCAGGACGA,TCGTCCTGGGAAACGGGGCGGTTTTAGAGCTATGCTGTTTTG,CAAAACAGCATAGCTCTAAAACCGCCCCGTTTCCCAGGACGACTATAGTGAGTCGTATTA
human_rRNA_150_guides_crRNA_114,CATCGCGTCAACACCCGCCG,CGGCGGGTGTTGACGCGATG,CATCGCGTCAACACCCGCCGGTTTTAGAGCTATGCTGTTTTG,CAAAACAGCATAGCTCTAAAACCGGCGGGTGTTGACGCGATGCTATAGTGAGTCGTATTA
human_rRNA_150_guides_crRNA_115,ACTGCGTGGCGGGGGTGCGT,ACGCACCCCCGCCACGCAGT,ACTGCGTGGCGGGGGTGCGTGTTTTAGAGCTATGCTGTTTTG,CAAAACAGCATAGCTCTAAAACACGCACCCCCGCCACGCAGTCTATAGTGAGTCGTATTA
human_rRNA_150_guides_crRNA_116,CTGTCAATCCTGTCCGTGTC,GACACGGACAGGATTGACAG,CTGTCAATCCTGTCCGTGTCGTTTTAGAGCTATGCTGTTTTG,CAAAACAGCATAGCTCTAAAACGACACGGACAGGATTGACAGCTATAGTGAGTCGTATTA
human_rRNA_150_guides_crRNA_117,GATCCATTGGAGGGCAAGTC,GACTTGCCCTCCAATGGATC,GATCCATTGGAGGGCAAGTCGTTTTAGAGCTATGCTGTTTTG,CAAAACAGCATAGCTCTAAAACGACTTGCCCTCCAATGGATCCTATAGTGAGTCGTATTA
human_rRNA_150_guides_crRNA_118,CTTGGCAAATGCTTTCGCTC,GAGCGAAAGCATTTGCCAAG,CTTGGCAAATGCTTTCGCTCGTTTTAGAGCTATGCTGTTTTG,CAAAACAGCATAGCTCTAAAACGAGCGAAAGCATTTGCCAAGCTATAGTGAGTCGTATTA
human_rRNA_150_guides_crRNA_119,CCCGCCCAGGCGGAACGATA,TATCGTTCCGCCTGGGCGGG,CCCGCCCAGGCGGAACGATAGTTTTAGAGCTATGCTGTTTTG,CAAAACAGCATAGCTCTAAAACTATCGTTCCGCCTGGGCGGGCTATAGTGAGTCGTATTA
human_rRNA_150_guides_crRNA_120,ACGGTAACGCAGGTGTCCTA,TAGGACACCTGCGTTACCGT,ACGGTAACGCAGGTGTCCTAGTTTTAGAGCTATGCTGTTTTG,CAAAACAGCATAGCTCTAAAACTAGGACACCTGCGTTACCGTCTATAGTGAGTCGTATTA
human_rRNA_150_guides_crRNA_121,ATGGAGTTTACCACCCGCTT,AAGCGGGTGGTAAACTCCAT,ATGGAGTTTACCACCCGCTTGTTTTAGAGCTATGCTGTTTTG,CAAAACAGCATAGCTCTAAAACAAGCGGGTGGTAAACTCCATCTATAGTGAGTCGTATTA
human_rRNA_150_guides_crRNA_122,GATGGTGCAGCCGCTATTAA,TTAATAGCGGCTGCACCATC,GATGGTGCAGCCGCTATTAAGTTTTAGAGCTATGCTGTTTTG,CAAAACAGCATAGCTCTAAAACTTAATAGCGGCTGCACCATCCTATAGTGAGTCGTATTA
human_rRNA_150_guides_crRNA_123,TGAAGCCTAGGGCGCGGGCC,GGCCCGCGCCCTAGGCTTCA,TGAAGCCTAGGGCGCGGGCCGTTTTAGAGCTATGCTGTTTTG,CAAAACAGCATAGCTCTAAAACGGCCCGCGCCCTAGGCTTCACTATAGTGAGTCGTATTA
human_rRNA_150_guides_crRNA_124,AGCAAGACGAGAAGACCCTA,TAGGGTCTTCTCGTCTTGCT,AGCAAGACGAGAAGACCCTAGTTTTAGAGCTATGCTGTTTTG,CAAAACAGCATAGCTCTAAAACTAGGGTCTTCTCGTCTTGCTCTATAGTGAGTCGTATTA
human_rRNA_150_guides_crRNA_125,AGGGCTATCGTAGTTTTCTG,CAGAAAACTACGATAGCCCT,AGGGCTATCGTAGTTTTCTGGTTTTAGAGCTATGCTGTTTTG,CAAAACAGCATAGCTCTAAAACCAGAAAACTACGATAGCCCTCTATAGTGAGTCGTATTA
human_rRNA_150_guides_crRNA_126,GAGAAGGGTCGGGGCGGCAG,CTGCCGCCCCGACCCTTCTC,GAGAAGGGTCGGGGCGGCAGGTTTTAGAGCTATGCTGTTTTG,CAAAACAGCATAGCTCTAAAACCTGCCGCCCCGACCCTTCTCCTATAGTGAGTCGTATTA
human_rRNA_150_guides_crRNA_127,CGAATACAGACCGTGAAAGC,GCTTTCACGGTCTGTATTCG,CGAATACAGACCGTGAAAGCGTTTTAGAGCTATGCTGTTTTG,CAAAACAGCATAGCTCTAAAACGCTTTCACGGTCTGTATTCGCTATAGTGAGTCGTATTA
human_rRNA_150_guides_crRNA_128,ACGGCTACCACATCCAAGGA,TCCTTGGATGTGGTAGCCGT,ACGGCTACCACATCCAAGGAGTTTTAGAGCTATGCTGTTTTG,CAAAACAGCATAGCTCTAAAACTCCTTGGATGTGGTAGCCGTCTATAGTGAGTCGTATTA
human_rRNA_150_guides_crRNA_129,GAGGAGTTCAGTTATATGTT,AACATATAACTGAACTCCTC,GAGGAGTTCAGTTATATGTTGTTTTAGAGCTATGCTGTTTTG,CAAAACAGCATAGCTCTAAAACAACATATAACTGAACTCCTCCTATAGTGAGTCGTATTA
human_rRNA_150_guides_crRNA_130,CGTGCGTACTTAGACATGCA,TGCATGTCTAAGTACGCACG,CGTGCGTACTTAGACATGCAGTTTTAGAGCTATGCTGTTTTG,CAAAACAGCATAGCTCTAAAACTGCATGTCTAAGTACGCACGCTATAGTGAGTCGTATTA
human_rRNA_150_guides_crRNA_131,ACGGGCGCTGACCCCCTTCG,CGAAGGGGGTCAGCGCCCGT,ACGGGCGCTGACCCCCTTCGGTTTTAGAGCTATGCTGTTTTG,CAAAACAGCATAGCTCTAAAACCGAAGGGGGTCAGCGCCCGTCTATAGTGAGTCGTATTA
human_rRNA_150_guides_crRNA_132,GGAGGATTCAACCCGGCGGC,GCCGCCGGGTTGAATCCTCC,GGAGGATTCAACCCGGCGGCGTTTTAGAGCTATGCTGTTTTG,CAAAACAGCATAGCTCTAAAACGCCGCCGGGTTGAATCCTCCCTATAGTGAGTCGTATTA
human_rRNA_150_guides_crRNA_133,ATGGTTTGGCTAAGGTTGTC,GACAACCTTAGCCAAACCAT,ATGGTTTGGCTAAGGTTGTCGTTTTAGAGCTATGCTGTTTTG,CAAAACAGCATAGCTCTAAAACGACAACCTTAGCCAAACCATCTATAGTGAGTCGTATTA
human_rRNA_150_guides_crRNA_134,GGGGAGGAGGGGTGGGAGAG,CTCTCCCACCCCTCCTCCCC,GGGGAGGAGGGGTGGGAGAGGTTTTAGAGCTATGCTGTTTTG,CAAAACAGCATAGCTCTAAAACCTCTCCCACCCCTCCTCCCCCTATAGTGAGTCGTATTA
human_rRNA_150_guides_crRNA_135,GCACGGTGAAGAGACATGAG,CTCATGTCTCTTCACCGTGC,GCACGGTGAAGAGACATGAGGTTTTAGAGCTATGCTGTTTTG,CAAAACAGCATAGCTCTAAAACCTCATGTCTCTTCACCGTGCCTATAGTGAGTCGTATTA
human_rRNA_150_guides_crRNA_136,CGGCGACTCTGGACGCGAGC,GCTCGCGTCCAGAGTCGCCG,CGGCGACTCTGGACGCGAGCGTTTTAGAGCTATGCTGTTTTG,CAAAACAGCATAGCTCTAAAACGCTCGCGTCCAGAGTCGCCGCTATAGTGAGTCGTATTA
human_rRNA_150_guides_crRNA_137,ATGGGTCGTCGCCGCCACGG,CCGTGGCGGCGACGACCCAT,ATGGGTCGTCGCCGCCACGGGTTTTAGAGCTATGCTGTTTTG,CAAAACAGCATAGCTCTAAAACCCGTGGCGGCGACGACCCATCTATAGTGAGTCGTATTA
human_rRNA_150_guides_crRNA_138,AGAGTGGACGGGAGCGGCGG,CCGCCGCTCCCGTCCACTCT,AGAGTGGACGGGAGCGGCGGGTTTTAGAGCTATGCTGTTTTG,CAAAACAGCATAGCTCTAAAACCCGCCGCTCCCGTCCACTCTCTATAGTGAGTCGTATTA
human_rRNA_150_guides_crRNA_139,CGAGCGCCGTTCCGAAGGGA,TCCCTTCGGAACGGCGCTCG,CGAGCGCCGTTCCGAAGGGAGTTTTAGAGCTATGCTGTTTTG,CAAAACAGCATAGCTCTAAAACTCCCTTCGGAACGGCGCTCGCTATAGTGAGTCGTATTA
human_rRNA_150_guides_crRNA_140,AGTTGGTGGAGCGATTTGTC,GACAAATCGCTCCACCAACT,AGTTGGTGGAGCGATTTGTCGTTTTAGAGCTATGCTGTTTTG,CAAAACAGCATAGCTCTAAAACGACAAATCGCTCCACCAACTCTATAGTGAGTCGTATTA
human_rRNA_150_guides_crRNA_141,GGAAGCTGCCCGGCGGGTCA,TGACCCGCCGGGCAGCTTCC,GGAAGCTGCCCGGCGGGTCAGTTTTAGAGCTATGCTGTTTTG,CAAAACAGCATAGCTCTAAAACTGACCCGCCGGGCAGCTTCCCTATAGTGAGTCGTATTA
human_rRNA_150_guides_crRNA_142,GGTAAGCAGAACTGGCGCTG,CAGCGCCAGTTCTGCTTACC,GGTAAGCAGAACTGGCGCTGGTTTTAGAGCTATGCTGTTTTG,CAAAACAGCATAGCTCTAAAACCAGCGCCAGTTCTGCTTACCCTATAGTGAGTCGTATTA
human_rRNA_150_guides_crRNA_143,ATAGGAAGAGCCGACATCGA,TCGATGTCGGCTCTTCCTAT,ATAGGAAGAGCCGACATCGAGTTTTAGAGCTATGCTGTTTTG,CAAAACAGCATAGCTCTAAAACTCGATGTCGGCTCTTCCTATCTATAGTGAGTCGTATTA
human_rRNA_150_guides_crRNA_144,TTTGTTGGTTTTCGGAACTG,CAGTTCCGAAAACCAACAAA,TTTGTTGGTTTTCGGAACTGGTTTTAGAGCTATGCTGTTTTG,CAAAACAGCATAGCTCTAAAACCAGTTCCGAAAACCAACAAACTATAGTGAGTCGTATTA
human_rRNA_150_guides_crRNA_145,CGTACGGAAGACCCGCTCCC,GGGAGCGGGTCTTCCGTACG,CGTACGGAAGACCCGCTCCCGTTTTAGAGCTATGCTGTTTTG,CAAAACAGCATAGCTCTAAAACGGGAGCGGGTCTTCCGTACGCTATAGTGAGTCGTATTA
human_rRNA_150_guides_crRNA_146,AGAACCTCCCCCGGGCCCGA,TCGGGCCCGGGGGAGGTTCT,AGAACCTCCCCCGGGCCCGAGTTTTAGAGCTATGCTGTTTTG,CAAAACAGCATAGCTCTAAAACTCGGGCCCGGGGGAGGTTCTCTATAGTGAGTCGTATTA
human_rRNA_150_guides_crRNA_147,CGCGCGACGAGACGTGGGGT,ACCCCACGTCTCGTCGCGCG,CGCGCGACGAGACGTGGGGTGTTTTAGAGCTATGCTGTTTTG,CAAAACAGCATAGCTCTAAAACACCCCACGTCTCGTCGCGCGCTATAGTGAGTCGTATTA
human_rRNA_150_guides_crRNA_148,TTACCCGCGCCTGCCGGCGT,ACGCCGGCAGGCGCGGGTAA,TTACCCGCGCCTGCCGGCGTGTTTTAGAGCTATGCTGTTTTG,CAAAACAGCATAGCTCTAAAACACGCCGGCAGGCGCGGGTAACTATAGTGAGTCGTATTA
human_rRNA_150_guides_crRNA_149,GAAACGGGGCGCGGCCGGAA,TTCCGGCCGCGCCCCGTTTC,GAAACGGGGCGCGGCCGGAAGTTTTAGAGCTATGCTGTTTTG,CAAAACAGCATAGCTCTAAAACTTCCGGCCGCGCCCCGTTTCCTATAGTGAGTCGTATTA
human_rRNA_150_guides_crRNA_150,CTTCCCAGCCGTCCCGGAGC,GCTCCGGGACGGCTGGGAAG,CTTCCCAGCCGTCCCGGAGCGTTTTAGAGCTATGCTGTTTTG,CAAAACAGCATAGCTCTAAAACGCTCCGGGACGGCTGGGAAGCTATAGTGAGTCGTATTA
